rank,elapsed_seconds,V3,V6,V9,V10,V11,V12,V15,V18,pred_active,pred_forward,pred_theta_mean,pred_theta_sigma,sim_active,sim_forward,sim_theta_mean,sim_theta_sigma,sim_theta_p95,sim_n_active,sim_n_forward,sim_n_backward,sim_bpm_score
1,7.952999999994063,-924.9117431640625,-440.1026611328125,-207.5157470703125,-64.74755859375,308.5272216796875,-661.3682861328125,-236.91766357421875,463.1068115234375,0.3477399945259094,1.0051430463790894,5.969118118286133,2.9898946285247803,0.0,0.0,0.0,0.0,0.0,0,0,0,0.0
2,8.093999999997322,-921.0067138671875,-440.71539306640625,-208.80877685546875,-62.6868896484375,308.0994873046875,-657.54150390625,-232.614990234375,459.1605224609375,0.3472987711429596,1.005199909210205,5.966036796569824,2.9873061180114746,0.0,0.0,0.0,0.0,0.0,0,0,0,0.0
3,7.4060000000026776,-882.1820678710938,-446.586181640625,-201.88427734375,-51.468505859375,295.8873291015625,-641.88232421875,-208.18157958984375,440.1217041015625,0.34492185711860657,1.0062882900238037,5.960221290588379,2.977536916732788,0.002,1.0,23.7009713,0.0,23.7009713,1,1,0,0.0026
4,7.359000000011292,-882.5325927734375,-448.90374755859375,-207.7415771484375,-48.148193359375,298.635986328125,-634.3751220703125,-200.08026123046875,429.2490234375,0.34432491660118103,1.0062254667282104,5.953334808349609,2.9715068340301514,0.008,1.0,9.35900505,1.72590419,11.7303253,4,4,0,0.0157
