rank,elapsed_seconds,V3,V6,V9,V10,V11,V12,V15,V18,pred_active,pred_forward,pred_theta_mean,pred_theta_sigma,sim_active,sim_forward,sim_theta_mean,sim_theta_sigma,sim_theta_p95,sim_n_active,sim_n_forward,sim_n_backward,sim_bpm_score
1,9.60899999999674,-712.794921875,-982.4761352539062,862.724609375,-35.2989501953125,7.20379638671875,-623.28515625,-429.79290771484375,-44.134521484375,0.578768789768219,0.9836459159851074,4.905848503112793,1.7142566442489624,0.576,1.0,4.46030759,2.00009106,7.61147509,288,288,0,0.5683
2,7.98399999999674,-712.2098388671875,-982.7579345703125,857.680908203125,-34.9349365234375,7.298583984375,-623.792236328125,-432.43377685546875,-47.57769775390625,0.578716516494751,0.9831943511962891,4.905200958251953,1.7165138721466064,0.584,1.0,4.38474243,1.98108903,7.44752708,292,292,0,0.5749
3,7.890999999988708,-708.6475219726562,-983.4993286132812,857.61962890625,-35.19189453125,5.9263916015625,-625.38671875,-434.71923828125,-46.421630859375,0.5786246657371521,0.9835513234138489,4.9039483070373535,1.7164615392684937,0.606,1.0,4.41044459,1.99334148,7.4655071,303,303,0,0.6004
4,9.469000000011874,-706.9130859375,-992.0172729492188,853.6004638671875,-40.432861328125,-10.2593994140625,-644.7215576171875,-438.1092529296875,-71.8111572265625,0.5782113671302795,0.9880567789077759,4.875859260559082,1.7336572408676147,0.578,1.0,4.29543769,2.04007691,7.68384149,289,289,0,0.5661
5,8.077999999994063,-616.8030395507812,-856.866943359375,956.8819580078125,-14.79022216796875,41.5286865234375,-541.177734375,-401.1044921875,-60.499755859375,0.5826307535171509,0.9918755292892456,4.9717607498168945,1.6456310749053955,0.552,1.0,5.5631603,2.02230159,8.59775726,276,276,0,0.5345
