loss,V3,V6,V9,V10,V11,V12,V15,V18,pred_detector_active_contact_fraction,pred_detector_active_forward_fraction,pred_detector_contact_angle_theta_mean_deg,pred_detector_contact_angle_theta_sigma_deg,unc_detector_active_contact_fraction,unc_detector_active_forward_fraction,unc_detector_contact_angle_theta_mean_deg,unc_detector_contact_angle_theta_sigma_deg
0.22219140827655792,-818.9697265625,-999.9818115234375,841.231201171875,25.565185546875,-43.33648681640625,-694.2855224609375,-311.06396484375,-369.3673095703125,1.0063472986221313,0.9955161809921265,2.2310335636138916,0.4533839225769043,0.032986436039209366,0.0035331170074641705,0.11034304648637772,0.1921781301498413
0.22234401106834412,-820.9241943359375,-999.9771728515625,828.7430419921875,25.6590576171875,-44.06201171875,-695.767578125,-294.782470703125,-377.10198974609375,1.005767822265625,0.9954816699028015,2.2305805683135986,0.454454243183136,0.03311933949589729,0.0034611537121236324,0.1028350442647934,0.20185205340385437
0.22344529628753662,-822.4609985351562,-999.9595947265625,823.2203369140625,23.468017578125,-46.720703125,-700.585205078125,-304.1446533203125,-370.0184326171875,1.0039926767349243,0.9954792857170105,2.2289390563964844,0.46190252900123596,0.031037569046020508,0.0032788836397230625,0.10072967410087585,0.19613979756832123
0.2256997674703598,-818.4501953125,-999.9808349609375,872.652587890625,21.92559814453125,-48.42755126953125,-699.9205932617188,-314.2569580078125,-354.0660400390625,1.0084158182144165,0.9959808588027954,2.207756519317627,0.4696153700351715,0.03112444467842579,0.003370433347299695,0.10997669398784637,0.18573476374149323
0.2553037405014038,-882.5081176757812,-907.3004150390625,777.605712890625,6.0576171875,-63.502197265625,-726.70556640625,-373.2569580078125,-257.88568115234375,1.0078606605529785,0.9946565628051758,2.0199196338653564,0.6386205554008484,0.02207656390964985,0.007727154530584812,0.07562649995088577,0.11303732544183731
