rank,elapsed_seconds,V3,V6,V9,V10,V11,V12,V15,V18,pred_active,pred_forward,pred_theta_mean,pred_theta_sigma,sim_active,sim_forward,sim_theta_mean,sim_theta_sigma,sim_theta_p95,sim_n_active,sim_n_forward,sim_n_backward,sim_bpm_score
1,7.562000000005355,-885.39404296875,-985.45556640625,989.453857421875,0.3046875,-33.68536376953125,-704.9111328125,-184.82476806640625,-147.92034912109375,1.006852388381958,0.9988961219787598,2.042165517807007,0.7996100187301636,1.0,1.0,2.17053011,0.887447729,3.60015493,500,500,0,1.0
2,7.51600000000326,-885.5185546875,-985.2989501953125,988.909423828125,0.415771484375,-33.4971923828125,-704.674072265625,-185.1943359375,-147.70361328125,1.0068109035491943,0.9988948106765747,2.0418989658355713,0.799662709236145,1.0,1.0,2.16028257,0.873545807,3.58694245,500,500,0,1.0
3,7.562999999994645,-886.1590576171875,-984.64892578125,986.0494384765625,0.90087890625,-32.74273681640625,-703.77734375,-186.54205322265625,-146.87554931640625,1.006575584411621,0.9988880157470703,2.040520429611206,0.8000513911247253,1.0,1.0,2.09343534,0.893241779,3.55360354,500,500,0,1.0
4,7.375,-886.3154907226562,-984.4749145507812,985.371337890625,1.02569580078125,-32.54022216796875,-703.53271484375,-186.923095703125,-146.65692138671875,1.006521463394165,0.9988865852355957,2.0401930809020996,0.8001378774642944,1.0,1.0,2.18529282,0.92387288,3.76746117,500,500,0,1.0
5,7.797000000005937,-887.04248046875,-980.8206787109375,987.5526123046875,1.6268310546875,-29.81964111328125,-698.8238525390625,-199.12847900390625,-142.1014404296875,1.0069100856781006,0.9988785982131958,2.034782886505127,0.800122857093811,1.0,1.0,2.13444584,0.902086141,3.56942755,500,500,0,1.0
