rank,elapsed_seconds,V3,V6,V9,V10,V11,V12,V15,V18,pred_active,pred_forward,pred_theta_mean,pred_theta_sigma,sim_active,sim_forward,sim_theta_mean,sim_theta_sigma,sim_theta_p95,sim_n_active,sim_n_forward,sim_n_backward,sim_bpm_score
1,7.89100000000326,-873.5304565429688,-932.2859497070312,914.2421875,-65.60443115234375,-47.85791015625,-678.0377197265625,430.747802734375,-253.74334716796875,0.4517148435115814,0.9969481229782104,5.046304702758789,2.4953739643096924,0.536,1.0,3.47076092,1.90715064,6.672095,268,268,0,0.5255
2,7.844000000011874,-879.1448974609375,-931.8258666992188,899.3037109375,-66.40093994140625,-45.68267822265625,-679.3224487304688,432.9315185546875,-243.389892578125,0.4519575238227844,0.9967173337936401,5.0516862869262695,2.4935951232910156,0.58,1.0,3.16454213,1.64698354,6.30183256,290,290,0,0.5758
3,6.98499999998603,-915.0017700195312,-982.2822875976562,879.027587890625,55.0645751953125,-250.9561767578125,-850.4622192382812,2.25018310546875,-63.02081298828125,0.4445454478263855,1.000786542892456,4.984256744384766,2.5138323307037354,0.16,1.0,7.56752192,0.905583058,8.87496962,80,80,0,0.16
