rank,elapsed_seconds,V3,V6,V9,V10,V11,V12,V15,V18,pred_active,pred_forward,pred_theta_mean,pred_theta_sigma,sim_active,sim_forward,sim_theta_mean,sim_theta_sigma,sim_theta_p95,sim_n_active,sim_n_forward,sim_n_backward,sim_bpm_score
1,7.828000000008615,-858.9131469726562,-959.9833374023438,899.7578125,-73.1680908203125,-57.10723876953125,-701.8480224609375,219.4825439453125,-427.881103515625,0.4998819828033447,1.0013436079025269,4.987002849578857,2.495892286300659,0.558,1.0,4.84468809,2.82895167,9.59324204,279,279,0,0.5208
2,7.797000000020489,-857.2498779296875,-960.9209594726562,900.1756591796875,-73.45751953125,-57.163330078125,-701.8657836914062,213.5855712890625,-428.19415283203125,0.49722057580947876,1.0013744831085205,4.988399505615234,2.4867684841156006,0.536,1.0,5.03541918,2.66551969,9.56472113,268,268,0,0.5051
3,8.969000000011874,-831.821044921875,-999.9838256835938,908.67578125,-85.42462158203125,-89.7786865234375,-741.3298950195312,-434.92877197265625,-274.56805419921875,0.5009599328041077,0.9949728846549988,4.9967169761657715,2.4911274909973145,0.45,1.0,4.56115624,1.65538348,7.49027978,225,225,0,0.4386
