rank,elapsed_seconds,V3,V6,V9,V10,V11,V12,V15,V18,pred_active,pred_forward,pred_theta_mean,pred_theta_sigma,sim_active,sim_forward,sim_theta_mean,sim_theta_sigma,sim_theta_p95,sim_n_active,sim_n_forward,sim_n_backward,sim_bpm_score
1,7.98499999998603,-858.6875610351562,-999.9828491210938,884.3880615234375,-86.1807861328125,-94.30426025390625,-756.1221923828125,-405.17498779296875,-263.71881103515625,0.5494529008865356,0.9960466623306274,4.985418796539307,2.509531259536743,0.506,1.0,4.99514138,1.71431328,7.78841366,253,253,0,0.4807
2,7.75,-848.1079711914062,-999.9300537109375,905.143798828125,-79.24749755859375,-66.9595947265625,-724.8350830078125,96.864013671875,-428.799560546875,0.5503785610198975,1.0025684833526611,4.993034839630127,2.4863131046295166,0.588,1.0,5.32792512,2.56245278,10.1310981,294,294,0,0.5628
3,7.73399999999674,-847.9586791992188,-999.9015502929688,906.6636962890625,-79.32086181640625,-66.90478515625,-724.6083984375,93.6551513671875,-429.26837158203125,0.549720823764801,1.0025739669799805,4.995482444763184,2.4845645427703857,0.586,1.0,5.33346633,2.68591523,10.1072951,293,293,0,0.551
