rank,elapsed_seconds,V3,V6,V9,V10,V11,V12,V15,V18,pred_active,pred_forward,pred_theta_mean,pred_theta_sigma,sim_active,sim_forward,sim_theta_mean,sim_theta_sigma,sim_theta_p95,sim_n_active,sim_n_forward,sim_n_backward,sim_bpm_score
1,7.765999999974156,-868.47021484375,-999.9710083007812,935.2513427734375,-86.5618896484375,-85.0916748046875,-750.5114135742188,25.150146484375,-414.58282470703125,0.6015249490737915,1.0017162561416626,4.998387336730957,2.4742603302001953,0.614,1.0,5.46356054,2.49399735,9.95963189,307,307,0,0.5778
2,7.7039999999979045,-869.5733642578125,-999.9749145507812,926.2772216796875,-84.46435546875,-81.06304931640625,-745.3235473632812,59.565673828125,-416.17572021484375,0.6005536317825317,1.0021512508392334,4.988346576690674,2.482572078704834,0.61,1.0,5.25271856,2.46484605,9.60583358,305,305,0,0.5739
3,7.671999999991385,-869.499267578125,-999.9703369140625,929.09765625,-85.0389404296875,-82.01812744140625,-746.3195190429688,52.112060546875,-416.04852294921875,0.5992388725280762,1.0020766258239746,4.995909690856934,2.478039264678955,0.626,1.0,5.15941185,2.50048522,9.72256008,313,313,0,0.5888
