rank,elapsed_seconds,V3,V6,V9,V10,V11,V12,V15,V18,pred_active,pred_forward,pred_theta_mean,pred_theta_sigma,sim_active,sim_forward,sim_theta_mean,sim_theta_sigma,sim_theta_p95,sim_n_active,sim_n_forward,sim_n_backward,sim_bpm_score
1,7.907000000006519,-710.7348022460938,-729.34033203125,864.6119384765625,-143.280029296875,-146.11474609375,-918.8068237304688,-221.02825927734375,-18.07489013671875,0.6507092714309692,1.000497579574585,4.49789571762085,2.012817144393921,0.672,1.0,3.77303918,1.52925672,6.07936632,336,336,0,0.6713
2,7.860000000015134,-697.1373901367188,-692.457763671875,962.1148681640625,-172.1458740234375,-195.5682373046875,-991.946533203125,-222.7613525390625,-37.21600341796875,0.6522971391677856,0.9997502565383911,4.467329025268555,2.036555051803589,0.676,1.0,4.7686791,2.4503203,9.64328593,338,338,0,0.6725
3,8.703000000008615,-922.9532470703125,-887.22265625,771.79541015625,27.77783203125,-292.8369140625,-840.8341674804688,-41.39483642578125,-11.57366943359375,0.6503852605819702,1.003169298171997,4.5092291831970215,1.9648231267929077,0.782,1.0,4.09848909,2.03886407,7.82562509,391,391,0,0.782
