rank,elapsed_seconds,V3,V6,V9,V10,V11,V12,V15,V18,pred_active,pred_forward,pred_theta_mean,pred_theta_sigma,sim_active,sim_forward,sim_theta_mean,sim_theta_sigma,sim_theta_p95,sim_n_active,sim_n_forward,sim_n_backward,sim_bpm_score
1,8.23499999998603,-731.6221313476562,-736.373291015625,855.5806884765625,-139.74322509765625,-145.96722412109375,-925.1641235351562,-187.0191650390625,-14.87481689453125,0.6995701193809509,1.0010476112365723,4.500995635986328,2.0023744106292725,0.72,1.0,3.93668884,1.67657306,6.4904255,360,360,0,0.7186
2,7.812000000005355,-823.7678833007812,-976.4700317382812,825.4674072265625,-83.421875,-47.88671875,-750.0379638671875,-285.9561767578125,102.24560546875,0.6992383003234863,1.001250147819519,4.473527431488037,2.040748119354248,0.674,1.0,5.14669403,2.37592326,8.67897978,337,337,0,0.653
3,7.719000000011874,-821.9310302734375,-980.5692138671875,804.0975341796875,-79.8492431640625,-43.57244873046875,-744.033203125,-294.43817138671875,80.0113525390625,0.6990028619766235,1.0014158487319946,4.472716808319092,2.039750576019287,0.696,1.0,4.77003646,2.29070344,8.4256472,348,348,0,0.682
