rank,elapsed_seconds,V3,V6,V9,V10,V11,V12,V15,V18,pred_active,pred_forward,pred_theta_mean,pred_theta_sigma,sim_active,sim_forward,sim_theta_mean,sim_theta_sigma,sim_theta_p95,sim_n_active,sim_n_forward,sim_n_backward,sim_bpm_score
1,8.030999999988126,-754.2443237304688,-751.2371826171875,841.392333984375,-134.83050537109375,-140.2279052734375,-925.5540771484375,-189.74981689453125,-8.63330078125,0.7497733235359192,1.0013062953948975,4.4975175857543945,2.002033233642578,0.776,1.0,3.89052518,1.63755906,6.57658572,388,388,0,0.7739
2,7.671999999991385,-827.5787353515625,-991.3045654296875,816.220703125,-74.34002685546875,-35.80389404296875,-736.7368774414062,-270.78753662109375,74.7154541015625,0.7487685680389404,1.0013148784637451,4.463161945343018,2.052626848220825,0.74,1.0,4.92518292,2.26101866,8.60468939,370,370,0,0.7204
3,7.687999999994645,-836.5894775390625,-987.1829223632812,852.1026611328125,-83.84332275390625,-46.72064208984375,-753.4500732421875,-236.24005126953125,111.4197998046875,0.7484863996505737,1.0010689496994019,4.4625020027160645,2.0561280250549316,0.72,1.0,5.15652154,2.52435471,9.3801291,360,360,0,0.6843
