rank,elapsed_seconds,V3,V6,V9,V10,V11,V12,V15,V18,pred_active,pred_forward,pred_theta_mean,pred_theta_sigma,sim_active,sim_forward,sim_theta_mean,sim_theta_sigma,sim_theta_p95,sim_n_active,sim_n_forward,sim_n_backward,sim_bpm_score
1,8.34399999998277,-837.9611206054688,-829.60498046875,695.944580078125,18.99554443359375,36.383544921875,-561.8431396484375,-113.108154296875,-146.676513671875,0.8020065426826477,1.002036690711975,3.4691855907440186,1.622884750366211,0.788,1.0,2.88725364,1.4185398,5.41499221,394,394,0,0.788
2,7.812999999994645,-811.9713134765625,-807.3085327148438,881.8814697265625,-131.0223388671875,-157.59527587890625,-920.2325439453125,-224.64666748046875,-13.876220703125,0.8001171350479126,1.000956416130066,3.5024542808532715,1.597985029220581,0.732,1.0,3.33611782,1.31423117,5.66930483,366,366,0,0.732
3,8.73499999998603,-725.8046264648438,-972.4874267578125,861.940185546875,-36.98095703125,-62.17132568359375,-733.4087524414062,-330.6578369140625,-104.9603271484375,0.7994597554206848,1.0001599788665771,3.501145839691162,1.59001886844635,0.772,1.0,3.45709735,1.42453099,5.83547247,386,386,0,0.7692
