rank,elapsed_seconds,V3,V6,V9,V10,V11,V12,V15,V18,pred_active,pred_forward,pred_theta_mean,pred_theta_sigma,sim_active,sim_forward,sim_theta_mean,sim_theta_sigma,sim_theta_p95,sim_n_active,sim_n_forward,sim_n_backward,sim_bpm_score
1,8.577999999979511,-888.60498046875,-762.0047607421875,510.314453125,-12.468017578125,-25.70318603515625,-683.2862548828125,-128.51470947265625,-275.967041015625,0.8542852401733398,0.9991529583930969,3.474301815032959,1.6062065362930298,0.798,1.0,3.05310027,1.38234916,5.5278417,399,399,0,0.798
2,7.780999999988126,-820.151123046875,-818.2733154296875,902.7266845703125,-127.70428466796875,-156.68206787109375,-920.812744140625,-210.57928466796875,-27.955078125,0.8499004244804382,1.0009864568710327,3.503394365310669,1.594086766242981,0.81,1.0,3.39216635,1.21420193,5.50938243,405,405,0,0.81
3,8.14100000000326,-840.6985473632812,-780.8508911132812,572.1068115234375,74.617431640625,108.9918212890625,-603.681396484375,15.64666748046875,-0.7528076171875,0.8507420420646667,0.9982463717460632,3.4754765033721924,1.630428671836853,1.0,1.0,4.1155727,1.89472288,7.74678664,500,500,0,1.0
