rank,elapsed_seconds,V3,V6,V9,V10,V11,V12,V15,V18,pred_active,pred_forward,pred_theta_mean,pred_theta_sigma,sim_active,sim_forward,sim_theta_mean,sim_theta_sigma,sim_theta_p95,sim_n_active,sim_n_forward,sim_n_backward,sim_bpm_score
1,8.046999999991385,-821.1602783203125,-847.7520141601562,706.4334716796875,-17.89105224609375,-17.92742919921875,-689.339111328125,-234.98028564453125,-158.24267578125,0.9000007510185242,1.0009762048721313,3.489650011062622,1.6081281900405884,0.884,1.0,3.19687751,1.50368474,6.14050181,442,442,0,0.884
2,7.735000000015134,-896.0872802734375,-749.5376586914062,463.77783203125,-18.483642578125,-49.41162109375,-729.658203125,-85.2945556640625,-326.6278076171875,0.8996317982673645,0.9984968900680542,3.4875710010528564,1.593984842300415,0.914,1.0,3.55419266,1.58887881,6.7702262,457,457,0,0.9119
3,8.030999999988126,-947.1444702148438,-694.1900024414062,508.1654052734375,17.8179931640625,15.2393798828125,-614.1666259765625,-4.97998046875,-158.3548583984375,0.8999565243721008,1.0013092756271362,3.503081798553467,1.6042371988296509,0.926,1.0,3.37128546,1.54132241,6.09161803,463,463,0,0.9246
