rank,elapsed_seconds,V3,V6,V9,V10,V11,V12,V15,V18,pred_active,pred_forward,pred_theta_mean,pred_theta_sigma,sim_active,sim_forward,sim_theta_mean,sim_theta_sigma,sim_theta_p95,sim_n_active,sim_n_forward,sim_n_backward,sim_bpm_score
1,8.328000000008615,-978.3978271484375,-829.7102661132812,695.320556640625,12.130615234375,12.6197509765625,-671.305908203125,34.9949951171875,61.8232421875,0.9511709213256836,0.9966340065002441,2.335075616836548,1.0093746185302734,1.0,1.0,3.17781556,1.82840115,6.40359523,500,500,0,0.9986
2,8.187999999994645,-855.4210205078125,-853.0591430664062,775.3726806640625,-6.821533203125,-69.198974609375,-723.0140380859375,-183.12591552734375,-97.39215087890625,0.949881374835968,1.0008697509765625,2.3167099952697754,0.9972341656684875,0.986,1.0,2.54146876,0.986599169,4.23753045,493,493,0,0.986
3,9.546999999991385,-997.60546875,-827.7091064453125,700.057861328125,9.57275390625,18.10565185546875,-672.6539306640625,63.8602294921875,87.0289306640625,0.9451236724853516,0.9962261319160461,2.3102734088897705,1.0309784412384033,0.996,1.0,3.53539562,2.17238806,7.30599922,498,498,0,0.9972
