rank,elapsed_seconds,V3,V6,V9,V10,V11,V12,V15,V18,pred_active,pred_forward,pred_theta_mean,pred_theta_sigma,sim_active,sim_forward,sim_theta_mean,sim_theta_sigma,sim_theta_p95,sim_n_active,sim_n_forward,sim_n_backward,sim_bpm_score
1,8.187000000005355,-848.3253173828125,-911.4298706054688,874.857177734375,11.0838623046875,-64.0382080078125,-687.705322265625,22.70758056640625,-202.9639892578125,0.9992426037788391,1.0017521381378174,2.324502468109131,0.9972525835037231,1.0,1.0,2.53367233,1.0450917,4.16428759,500,500,0,0.9993
2,8.047000000020489,-916.3062133789062,-901.080322265625,818.7572021484375,14.9334716796875,-40.376953125,-711.4718017578125,-217.557861328125,-107.725830078125,1.0016634464263916,0.9992210268974304,2.2790210247039795,1.0041277408599854,1.0,1.0,2.30138864,1.14819314,4.28001559,500,500,0,1.0
3,7.687000000005355,-897.3782348632812,-864.8624267578125,754.716064453125,6.32537841796875,-62.08905029296875,-729.18408203125,-237.00042724609375,-140.3624267578125,1.0008995532989502,0.9997663497924805,2.3092472553253174,0.9996693730354309,1.0,1.0,2.33019905,1.11993797,4.3392776,500,500,0,1.0
