{
  "reference_exit_center_mm": [876.894267, 75.0, 380.964196],
  "detector_center_mm": [455.656248, 75.0, 380.620416],
  "flight_length_mm": 421.2381592825284,
  "nominal_direction_unit": [-0.9999996669757351, 0.0, -0.0008161178953624273],
  "nominal_tilt_from_minus_x_deg": 0.04676011618012281,
  "limiting_clear_radius_mm": 11.0,
  "geometric_angle_deg": 1.4958530219785573,
  "configured_angle_deg": 1.5,
  "exit_point_is_required_gate": false
}
