budget,n_train,all_mae_detector_active_contact_fraction,informative_mae_detector_active_contact_fraction,high_mae_detector_active_contact_fraction,all_mae_detector_contact_angle_theta_sigma_deg,informative_mae_detector_contact_angle_theta_sigma_deg,high_mae_detector_contact_angle_theta_sigma_deg,all_mae_vz_sigma_corrected,informative_mae_vz_sigma_corrected,high_mae_vz_sigma_corrected,active_error_unc_corr
20,20,0.3350997253193403,0.29230097159639745,0.45502975355495107,2.0010050233659267,1.6815372237938853,1.6578499016787989,1.1615718645398156,1.0750418720721018,0.7220331752252139,0.007632863730847729
40,40,0.37840557257042745,0.38810859486357124,0.6138868163084324,1.599236372768144,1.3224887223216182,0.8536623716824487,1.0066150240747522,0.9383712275180981,0.37796100868610366,0.23657640461340546
