rank,elapsed_seconds,V3,V6,V9,V10,V11,V12,V15,V18,pred_active,pred_forward,pred_theta_mean,pred_theta_sigma,sim_active,sim_forward,sim_theta_mean,sim_theta_sigma,sim_theta_p95,sim_n_active,sim_n_forward,sim_n_backward,sim_bpm_score
1,7.906999999991967,-726.0340576171875,-758.0486450195312,776.055908203125,-200.628662109375,-161.5941162109375,-980.4805908203125,-347.31768798828125,-99.81866455078125,0.3506336212158203,1.001997709274292,5.995630264282227,2.9967265129089355,0.544,1.0,4.99685175,3.02678764,9.71600262,272,272,0,0.5153
2,7.4060000000026776,-735.7392578125,-749.4400024414062,777.318603515625,-180.96405029296875,-145.11627197265625,-924.5691528320312,-396.69647216796875,-165.8800048828125,0.35172781348228455,1.0021202564239502,6.02163553237915,2.989703893661499,0.472,1.0,4.46943672,2.34237433,8.56756629,236,236,0,0.4629
