rank,elapsed_seconds,V3,V6,V9,V10,V11,V12,V15,V18,pred_active,pred_forward,pred_theta_mean,pred_theta_sigma,sim_active,sim_forward,sim_theta_mean,sim_theta_sigma,sim_theta_p95,sim_n_active,sim_n_forward,sim_n_backward,sim_bpm_score
1,8.76600000000326,-865.738525390625,-999.9755249023438,930.9471435546875,-82.61627197265625,-89.1812744140625,-754.5822143554688,76.9295654296875,-268.0361328125,0.6572192907333374,1.000801682472229,4.580630779266357,2.1747658252716064,0.65,1.0,4.23648912,1.92366576,7.59611042,325,325,0,0.6262
