rank,elapsed_seconds,V3,V6,V9,V10,V11,V12,V15,V18,pred_active,pred_forward,pred_theta_mean,pred_theta_sigma,sim_active,sim_forward,sim_theta_mean,sim_theta_sigma,sim_theta_p95,sim_n_active,sim_n_forward,sim_n_backward,sim_bpm_score
1,8.234000000011292,-867.6433715820312,-707.0393676757812,146.18115234375,118.49560546875,114.50927734375,-427.1806640625,148.25341796875,-103.112548828125,0.5006675720214844,0.9944485425949097,5.058243274688721,2.4531707763671875,0.778,1.0,3.03835869,1.15054047,4.55991951,389,389,0,0.778
2,7.3439999999973224,-709.9318237304688,-865.2669677734375,890.978515625,-162.74072265625,-136.125244140625,-911.1890258789062,-309.51910400390625,61.616455078125,0.5024359822273254,1.0005258321762085,5.030829429626465,2.463791608810425,0.576,1.0,4.84182186,2.4699746,9.05389648,288,288,0,0.5585
