rank,elapsed_seconds,V3,V6,V9,V10,V11,V12,V15,V18,pred_active,pred_forward,pred_theta_mean,pred_theta_sigma,sim_active,sim_forward,sim_theta_mean,sim_theta_sigma,sim_theta_p95,sim_n_active,sim_n_forward,sim_n_backward,sim_bpm_score
1,7.5939999999973224,-894.4442138671875,-910.2122802734375,915.89501953125,-160.28118896484375,-130.03338623046875,-903.7688598632812,-187.89013671875,-15.67333984375,0.6496220827102661,1.000602126121521,4.492806434631348,2.0287249088287354,0.69,1.0,4.40001237,2.43746607,8.0412513,345,345,0,0.6823
2,7.937999999994645,-629.6471557617188,-922.64404296875,891.2369384765625,-49.2860107421875,-33.42755126953125,-692.1578979492188,-466.20819091796875,-73.95367431640625,0.6483006477355957,0.9992060661315918,4.463873386383057,2.0193867683410645,0.636,1.0,4.35488368,1.88222178,7.47293126,318,318,0,0.6269
