rank,elapsed_seconds,V3,V6,V9,V10,V11,V12,V15,V18,pred_active,pred_forward,pred_theta_mean,pred_theta_sigma,sim_active,sim_forward,sim_theta_mean,sim_theta_sigma,sim_theta_p95,sim_n_active,sim_n_forward,sim_n_backward,sim_bpm_score
1,8.328999999997905,-873.2133178710938,-773.2353515625,657.833251953125,-45.18792724609375,-47.00054931640625,-727.7988891601562,-159.55328369140625,-154.85009765625,0.8000526428222656,1.0008236169815063,3.501404285430908,1.6060173511505127,0.788,1.0,3.0039513,1.31902305,5.56910237,394,394,0,0.788
2,7.561999999990803,-786.5744018554688,-878.5453491210938,918.0997314453125,-121.0889892578125,-152.37359619140625,-899.40771484375,-352.9713134765625,-4.09161376953125,0.8013859987258911,0.9989267587661743,3.502002716064453,1.6148335933685303,0.736,1.0,3.16105388,1.28600356,5.52663243,368,368,0,0.736
