rank,elapsed_seconds,V3,V6,V9,V10,V11,V12,V15,V18,pred_active,pred_forward,pred_theta_mean,pred_theta_sigma,sim_active,sim_forward,sim_theta_mean,sim_theta_sigma,sim_theta_p95,sim_n_active,sim_n_forward,sim_n_backward,sim_bpm_score
1,7.9060000000026776,-843.1585693359375,-807.3281860351562,640.0147705078125,33.0423583984375,-2.51824951171875,-610.8806762695312,-1.44024658203125,-173.2191162109375,0.9215655326843262,1.0012247562408447,2.826080083847046,1.189744472503662,0.926,1.0,2.57338233,0.987918231,4.13343209,463,463,0,0.926
2,7.9689999999973224,-824.1864013671875,-918.3751220703125,874.2125244140625,-15.78985595703125,-11.50518798828125,-666.3406982421875,-340.400634765625,-51.48291015625,0.9201434850692749,0.9989346265792847,2.775805950164795,1.2256470918655396,0.92,1.0,3.02615494,1.52017212,5.59592708,460,460,0,0.92
