rank,elapsed_seconds,V3,V6,V9,V10,V11,V12,V15,V18,pred_active,pred_forward,pred_theta_mean,pred_theta_sigma,sim_active,sim_forward,sim_theta_mean,sim_theta_sigma,sim_theta_p95,sim_n_active,sim_n_forward,sim_n_backward,sim_bpm_score
1,10.031000000002678,-890.7509155273438,-879.4228515625,800.339111328125,-4.175048828125,-54.600830078125,-715.9049072265625,-291.7677001953125,-163.37945556640625,0.9919255971908569,0.9991996884346008,2.106745481491089,0.9333175420761108,1.0,1.0,2.29278851,0.894769274,3.70325118,500,500,0,1.0
2,9.656000000002678,-869.036376953125,-887.0350341796875,773.7862548828125,14.1190185546875,-34.708251953125,-675.3236083984375,-209.12640380859375,-143.612060546875,0.9904529452323914,0.9995909929275513,2.1460366249084473,0.9716199040412903,1.0,1.0,2.30022052,0.921136742,3.80239774,500,500,0,1.0
