{
  "ions_flown": 100,
  "ions_detected": 31,
  "transmission": 0.31,
  "transmission_percent": 31.0,
  "centroid_x_mm": 876.6703870967742,
  "centroid_y_mm": 75.76959032258065,
  "sigma_x_mm": 15.226846525522856,
  "sigma_y_mm": 3.1535856840909253,
  "rms_radius_about_centroid_mm": 15.297120468394635,
  "radius95_about_centroid_mm": 27.590171776434502,
  "mean_tof_us": 0.03269892580645161,
  "stdev_tof_us": 0.0020520132634346757,
  "mean_kinetic_energy_ev": 85.80319999999999,
  "stdev_kinetic_energy_ev": 12.305124881961444
}