loss,V3,V6,V9,V10,V11,V12,V15,V18,pred_detector_active_contact_fraction,pred_detector_active_forward_fraction,pred_detector_contact_angle_theta_mean_deg,pred_detector_contact_angle_theta_sigma_deg,pred_derived_vz_sigma_residual,unc_detector_active_contact_fraction,unc_detector_active_forward_fraction,unc_detector_contact_angle_theta_mean_deg,unc_detector_contact_angle_theta_sigma_deg,unc_derived_vz_sigma_residual,pred_viability_prob,unc_viability_prob,derived_vz_mean,derived_vz_sigma_physics,derived_vz_sigma_corrected
0.009322818368673325,-843.1600341796875,-999.9815063476562,885.239501953125,-41.28643798828125,-117.3572998046875,-744.018310546875,-80.860107421875,-502.993896484375,0.6498057246208191,0.9954749941825867,4.45693826675415,2.4251492023468018,0.18068110942840576,0.010719547979533672,0.01448984257876873,0.0006621634238399565,0.009427348151803017,0.04970595985651016,0.9287708401679993,0.0438741073012352,130.1084068729721,0.45980929184149105,0.6404904012698969
0.009349244646728039,-842.931640625,-999.9802856445312,883.9708251953125,-41.19183349609375,-117.27044677734375,-744.0748291015625,-81.01995849609375,-502.55242919921875,0.6500741243362427,0.9955169558525085,4.455870151519775,2.425206422805786,0.1804933100938797,0.010875682346522808,0.014441137202084064,0.0029149113688617945,0.008728422224521637,0.04929657652974129,0.9291455745697021,0.04373013228178024,130.1085904071366,0.45972575979070895,0.6402190698845887
0.009514903649687767,-818.527099609375,-847.5729370117188,916.3626708984375,-150.62738037109375,-170.846435546875,-921.4766845703125,-312.28009033203125,-289.2283935546875,0.6504232883453369,0.9859681725502014,4.464685440063477,2.420694589614868,0.11462390422821045,0.023520085960626602,0.021616779267787933,0.0004845827061217278,0.016756325960159302,0.01139591820538044,0.9267459511756897,0.05609796941280365,130.10746219719329,0.45955145273203707,0.5741753569602475
0.009569800458848476,-845.60302734375,-999.9830322265625,894.3104248046875,-42.80816650390625,-120.1529541015625,-747.6287841796875,-87.0401611328125,-507.8424377441406,0.6493919491767883,0.9950549006462097,4.4522271156311035,2.432238817214966,0.18946044147014618,0.009268682450056076,0.014880232512950897,7.901744538685307e-05,0.014610547572374344,0.05027826130390167,0.9251737594604492,0.04550052434206009,130.1085578796144,0.460901124027054,0.6503615654972001
