loss,V3,V6,V9,V10,V11,V12,V15,V18,pred_detector_active_contact_fraction,pred_detector_active_forward_fraction,pred_detector_contact_angle_theta_mean_deg,pred_detector_contact_angle_theta_sigma_deg,pred_derived_vz_sigma_residual,unc_detector_active_contact_fraction,unc_detector_active_forward_fraction,unc_detector_contact_angle_theta_mean_deg,unc_detector_contact_angle_theta_sigma_deg,unc_derived_vz_sigma_residual,pred_viability_prob,unc_viability_prob,derived_vz_mean,derived_vz_sigma_physics,derived_vz_sigma_corrected
0.013700397685170174,-781.7125244140625,-999.895751953125,831.254150390625,-25.09912109375,-123.107666015625,-742.7286376953125,-178.1329345703125,-199.2625732421875,0.48148807883262634,0.9855135083198547,3.2214553356170654,1.996864676475525,0.2392614334821701,0.04597030207514763,0.009234403260052204,0.061722733080387115,0.1048307791352272,0.005450455471873283,0.9034393429756165,0.05709003657102585,130.33441354455235,0.2790988776880853,0.5183603111702554
0.014011939987540245,-784.590087890625,-999.9194946289062,846.6640625,-20.9595947265625,-128.23870849609375,-746.9247436523438,-98.3707275390625,-190.9765625,0.48173829913139343,0.9887763857841492,3.226344347000122,1.998759388923645,0.2634277641773224,0.027549173682928085,0.007846193388104439,0.09349721670150757,0.10732295364141464,0.009006894193589687,0.8833656311035156,0.0644063875079155,130.3336368295256,0.2797612017613227,0.5431889659386451
0.01489680539816618,-725.3460693359375,-999.0728149414062,904.168701171875,-37.39654541015625,-117.27703857421875,-734.2989501953125,-610.7996826171875,-90.75665283203125,0.48188284039497375,0.9834601283073425,3.232074022293091,1.992810845375061,0.24644987285137177,0.059220436960458755,0.007136950735002756,0.045237015932798386,0.07699916511774063,0.04313849285244942,0.9657257199287415,0.03427358716726303,130.33337281531476,0.2792116659618201,0.5256615388131919
0.014900248497724533,-783.1324462890625,-999.9185180664062,868.7330322265625,-21.03228759765625,-132.96636962890625,-752.3460693359375,-94.19964599609375,-188.130859375,0.48175331950187683,0.9897249341011047,3.2226455211639404,2.0009100437164307,0.27646538615226746,0.021959226578474045,0.008161993697285652,0.12381871789693832,0.11054287850856781,0.010454339906573296,0.881450891494751,0.06703168898820877,130.33394009275966,0.2798413560210137,0.5563067421732811
