loss,V3,V6,V9,V10,V11,V12,V15,V18,pred_detector_active_contact_fraction,pred_detector_active_forward_fraction,pred_detector_contact_angle_theta_mean_deg,pred_detector_contact_angle_theta_sigma_deg,pred_derived_vz_sigma_residual,unc_detector_active_contact_fraction,unc_detector_active_forward_fraction,unc_detector_contact_angle_theta_mean_deg,unc_detector_contact_angle_theta_sigma_deg,unc_derived_vz_sigma_residual,pred_viability_prob,unc_viability_prob,derived_vz_mean,derived_vz_sigma_physics,derived_vz_sigma_corrected
0.04799729958176613,-837.4168701171875,-860.5970458984375,955.3150634765625,27.7904052734375,-59.29364013671875,-760.5450439453125,-78.11920166015625,-649.6655883789062,0.8230722546577454,0.9933150410652161,4.060862064361572,1.6737208366394043,-0.008696923963725567,0.026727953925728798,0.014165193773806095,0.16953489184379578,0.182232066988945,0.06551210582256317,0.9323719143867493,0.11494539678096771,130.23648431818182,0.2812951174178231,0.2725981934540975
0.04801226407289505,-836.2730102539062,-861.108642578125,954.7130126953125,27.519287109375,-60.09490966796875,-761.841796875,-80.64508056640625,-646.0845336914062,0.8231134414672852,0.9936466217041016,4.06018590927124,1.6748939752578735,-0.008139461278915405,0.026588670909404755,0.014280064031481743,0.16705554723739624,0.17898400127887726,0.06479385495185852,0.9328741431236267,0.11404381692409515,130.23651549883056,0.2814643986791392,0.2733249374002238
0.04801229387521744,-833.8992309570312,-864.8710327148438,962.4154052734375,27.30517578125,-58.4178466796875,-761.5299682617188,-76.98419189453125,-652.688720703125,0.8229767680168152,0.993172824382782,4.0598931312561035,1.672765851020813,-0.010275791399180889,0.025939257815480232,0.014171531423926353,0.16789521276950836,0.183790385723114,0.06661579012870789,0.9320095181465149,0.1156286671757698,130.236704053604,0.28106052130511117,0.2707847299059303
0.0482499897480011,-819.0189819335938,-877.1319580078125,975.7642822265625,24.558837890625,-60.6239013671875,-769.4906616210938,-87.793212890625,-638.6065673828125,0.8229525685310364,0.9946144223213196,4.053679466247559,1.6769566535949707,-0.011586849577724934,0.023965373635292053,0.015127109363675117,0.151473268866539,0.17072203755378723,0.065322145819664,0.9338197708129883,0.11243614554405212,130.23742731093137,0.2814225191020438,0.26983566952431887
