loss,V3,V6,V9,V10,V11,V12,V15,V18,pred_detector_active_contact_fraction,pred_detector_active_forward_fraction,pred_detector_contact_angle_theta_mean_deg,pred_detector_contact_angle_theta_sigma_deg,pred_derived_vz_sigma_residual,unc_detector_active_contact_fraction,unc_detector_active_forward_fraction,unc_detector_contact_angle_theta_mean_deg,unc_detector_contact_angle_theta_sigma_deg,unc_derived_vz_sigma_residual,pred_viability_prob,unc_viability_prob,derived_vz_mean,derived_vz_sigma_physics,derived_vz_sigma_corrected
0.0798744261264801,-925.1646728515625,-983.1326904296875,864.5152587890625,50.2398681640625,74.1546630859375,-812.738525390625,-509.1387939453125,-787.3941040039062,0.7514328360557556,0.9710674285888672,5.984202861785889,2.3346879482269287,0.40334072709083557,0.09270498156547546,0.040906306356191635,0.4859681725502014,0.17847372591495514,0.07474974542856216,0.6271578669548035,0.22252899408340454,129.80040450908214,0.5749962792051393,0.9783370062959749
0.08676593750715256,-940.3508911132812,-788.4974365234375,530.39306640625,62.632080078125,39.90087890625,-755.5665283203125,-351.425048828125,-624.80224609375,0.7462989687919617,0.9729004502296448,5.923131465911865,2.3661229610443115,0.26725122332572937,0.099310003221035,0.009637795388698578,0.4780418276786804,0.13965021073818207,0.07223602384328842,0.9806180596351624,0.015262211672961712,129.81191211453003,0.5777822851145934,0.8450335084403228
0.09405403584241867,-792.047119140625,-742.67431640625,863.46728515625,41.8348388671875,-93.6192626953125,-687.2835693359375,-63.07196044921875,256.672607421875,0.7500659823417664,1.0085958242416382,5.815138339996338,2.396317720413208,0.04680882766842842,0.10875722765922546,0.011799703352153301,0.19739903509616852,0.11660484224557877,0.03243786841630936,0.4495486319065094,0.21249915659427643,129.8342222893482,0.5758677101453576,0.6226765378137861
0.12419988960027695,-926.2428588867188,-890.5640869140625,944.767333984375,49.1658935546875,-53.44830322265625,-806.7105712890625,365.774169921875,340.352294921875,0.7487524151802063,1.0157147645950317,5.837501525878906,2.410578966140747,0.08407417684793472,0.10180187970399857,0.020948152989149094,0.4731752872467041,0.6546387076377869,0.10264279693365097,0.44723930954933167,0.23653878271579742,129.82769586333373,0.5816026393787669,0.6656768162267016
