loss,V3,V6,V9,V10,V11,V12,V15,V18,pred_detector_active_contact_fraction,pred_detector_active_forward_fraction,pred_detector_contact_angle_theta_mean_deg,pred_detector_contact_angle_theta_sigma_deg,pred_derived_vz_sigma_residual,unc_detector_active_contact_fraction,unc_detector_active_forward_fraction,unc_detector_contact_angle_theta_mean_deg,unc_detector_contact_angle_theta_sigma_deg,unc_derived_vz_sigma_residual,pred_viability_prob,unc_viability_prob,derived_vz_mean,derived_vz_sigma_physics,derived_vz_sigma_corrected
0.02593587525188923,-966.2219848632812,-999.9952392578125,902.0826416015625,-9.829345703125,-151.92694091796875,-815.517822265625,-9.8729248046875,-70.06573486328125,0.7312793731689453,0.9926944375038147,2.9216396808624268,3.156778573989868,0.816608726978302,0.013835793361067772,0.0036878143437206745,0.0006733670015819371,0.13578976690769196,0.038845889270305634,0.9288672804832458,0.027451299130916595,130.25237078608137,0.4607746589897868,1.2773833859680888
0.02619370073080063,-967.7027587890625,-999.9948120117188,896.7161865234375,-8.1876220703125,-150.115478515625,-812.5841064453125,-2.56854248046875,-67.45684814453125,0.7314065098762512,0.9924585223197937,2.9233806133270264,3.1573047637939453,0.8175190091133118,0.014631999656558037,0.003637173678725958,0.0007802958134561777,0.13755930960178375,0.03923538327217102,0.9290853142738342,0.027694301679730415,130.2521028262681,0.461052614848824,1.2785716239621356
0.02680988237261772,-969.0314331054688,-999.99462890625,881.2513427734375,-4.15521240234375,-145.6151123046875,-806.408447265625,7.8941650390625,-73.59808349609375,0.7314578890800476,0.9919050335884094,2.929407835006714,3.155743360519409,0.8197269439697266,0.015801286324858665,0.0030343937687575817,0.0006737887742929161,0.13831005990505219,0.04065534472465515,0.9319896101951599,0.02724062278866768,130.25159794566937,0.46134084479214205,1.2810677887618687
0.026966914534568787,-969.318115234375,-999.99462890625,877.48974609375,-3.27496337890625,-144.567138671875,-805.0639038085938,10.25830078125,-75.7230224609375,0.7316510677337646,0.9917754530906677,2.9304208755493164,3.1554195880889893,0.8202144503593445,0.016101468354463577,0.0028687752783298492,0.0005321339704096317,0.13852527737617493,0.04110780358314514,0.9327096939086914,0.02711409330368042,130.25152061454514,0.46137707929600247,1.2815915296553468
