loss,V3,V6,V9,V10,V11,V12,V15,V18,pred_detector_active_contact_fraction,pred_detector_active_forward_fraction,pred_detector_contact_angle_theta_mean_deg,pred_detector_contact_angle_theta_sigma_deg,pred_derived_vz_sigma_residual,unc_detector_active_contact_fraction,unc_detector_active_forward_fraction,unc_detector_contact_angle_theta_mean_deg,unc_detector_contact_angle_theta_sigma_deg,unc_derived_vz_sigma_residual,pred_viability_prob,unc_viability_prob,derived_vz_mean,derived_vz_sigma_physics,derived_vz_sigma_corrected
0.19959625601768494,-581.949951171875,-819.3204345703125,350.8092041015625,49.0828857421875,6.45672607421875,-680.180908203125,141.7447509765625,-508.1092224121094,0.9623914361000061,0.9978590607643127,5.722340106964111,2.7854318618774414,0.007089525461196899,0.04521244764328003,0.019255680963397026,0.3043367862701416,0.31540343165397644,0.08220773935317993,0.8133542537689209,0.10959123820066452,129.81559565333492,0.6685819559965896,0.6756714814577865
0.1995963603258133,-581.8807983398438,-819.0986328125,350.4537353515625,48.854248046875,6.2611083984375,-680.7064208984375,141.1707763671875,-508.0459289550781,0.9624066352844238,0.9978699684143066,5.722358703613281,2.785331964492798,0.007155756000429392,0.04538671672344208,0.019232934340834618,0.3048062026500702,0.3158823251724243,0.08244817703962326,0.8138522505760193,0.10937751084566116,129.81560243437966,0.6685574450516968,0.6757132010521262
0.19959789514541626,-582.0521240234375,-819.470703125,351.412353515625,49.156494140625,6.38916015625,-679.8221435546875,141.72802734375,-508.61956787109375,0.9623954892158508,0.9978742599487305,5.7224555015563965,2.7855281829833984,0.007175771053880453,0.04503115266561508,0.0192693080753088,0.3041920065879822,0.31543979048728943,0.08215758204460144,0.813617467880249,0.10955515503883362,129.8155588441702,0.6686194644414065,0.675795235495287
0.1996002048254013,-581.3801879882812,-818.8109130859375,348.5687255859375,48.39208984375,6.31463623046875,-682.3294067382812,137.8997802734375,-506.6981201171875,0.9623902440071106,0.9978623390197754,5.72186279296875,2.784754514694214,0.006987839937210083,0.04589511454105377,0.019026771187782288,0.30645614862442017,0.3168615996837616,0.08321907371282578,0.8153619170188904,0.10875558108091354,129.8157786172893,0.6683529845137339,0.675340824450944
