loss,V3,V6,V9,V10,V11,V12,V15,V18,pred_detector_active_contact_fraction,pred_detector_active_forward_fraction,pred_detector_contact_angle_theta_mean_deg,pred_detector_contact_angle_theta_sigma_deg,pred_derived_vz_sigma_residual,unc_detector_active_contact_fraction,unc_detector_active_forward_fraction,unc_detector_contact_angle_theta_mean_deg,unc_detector_contact_angle_theta_sigma_deg,unc_derived_vz_sigma_residual,pred_viability_prob,unc_viability_prob,derived_vz_mean,derived_vz_sigma_physics,derived_vz_sigma_corrected
0.04443947970867157,-993.206787109375,-999.9983520507812,936.0711669921875,-43.87548828125,-165.4683837890625,-887.8493041992188,-125.933837890625,-93.3734130859375,0.8938384652137756,1.0020506381988525,2.557844638824463,2.9711639881134033,0.7718499302864075,0.04084937274456024,0.01526933815330267,0.00707187969237566,0.06682699173688889,0.04782698303461075,0.9532598853111267,0.026659656316041946,130.31452739843417,0.39055506458228206,1.1624049948686896
0.04577959328889847,-992.8021850585938,-999.9976806640625,936.0201416015625,-37.44696044921875,-159.09710693359375,-876.3682250976562,-110.735107421875,-108.64520263671875,0.8937094807624817,1.0010323524475098,2.5659611225128174,2.969905138015747,0.7800944447517395,0.04094736650586128,0.015123192220926285,0.0027165510691702366,0.07756024599075317,0.05285687372088432,0.9537791609764099,0.02745235711336136,130.31384986544268,0.3910626920573294,1.171157136809069
0.046393029391765594,-992.39892578125,-999.99755859375,931.3868408203125,-36.156005859375,-157.79388427734375,-874.795166015625,-106.879638671875,-110.8748779296875,0.8948473930358887,1.0011768341064453,2.5669705867767334,2.9660873413085938,0.7798435688018799,0.041461072862148285,0.015365838073194027,0.003133947728201747,0.08311451971530914,0.05481479689478874,0.9547705054283142,0.02765626832842827,130.31419675685058,0.39045211015512704,1.170295678957007
0.046709224581718445,-992.2250366210938,-999.9974365234375,929.3994140625,-35.33026123046875,-157.15997314453125,-873.5835571289062,-105.31671142578125,-113.389892578125,0.893561065196991,1.0012587308883667,2.574511766433716,2.9721078872680664,0.7824376225471497,0.041722603142261505,0.01546833198517561,0.0005773716839030385,0.08573770523071289,0.05560804530978203,0.9549179077148438,0.027733711525797844,130.3127170966415,0.3922484521671301,1.1746860747142798
