loss,V3,V6,V9,V10,V11,V12,V15,V18,pred_detector_active_contact_fraction,pred_detector_active_forward_fraction,pred_detector_contact_angle_theta_mean_deg,pred_detector_contact_angle_theta_sigma_deg,pred_derived_vz_sigma_residual,unc_detector_active_contact_fraction,unc_detector_active_forward_fraction,unc_detector_contact_angle_theta_mean_deg,unc_detector_contact_angle_theta_sigma_deg,unc_derived_vz_sigma_residual,pred_viability_prob,unc_viability_prob,derived_vz_mean,derived_vz_sigma_physics,derived_vz_sigma_corrected
0.0556655190885067,-767.5723876953125,-826.646240234375,983.02099609375,-56.806640625,-40.74029541015625,-693.1260375976562,-703.2568969726562,-190.65087890625,0.6621110439300537,0.9804806709289551,5.435426712036133,2.2585346698760986,0.012127116322517395,0.1108463928103447,0.010096637532114983,0.20916062593460083,0.09116113930940628,0.0453263483941555,0.9021607041358948,0.07872279733419418,129.9316921835565,0.5078238430316514,0.5199509593541688
0.06160576641559601,-713.2196655273438,-889.2131958007812,966.2125244140625,-55.65277099609375,-37.43255615234375,-703.46923828125,-697.481201171875,-173.8453369140625,0.6624583601951599,0.9855308532714844,5.418628692626953,2.2752630710601807,0.010860338807106018,0.09831221401691437,0.004143333062529564,0.3438088595867157,0.045966263860464096,0.04448546841740608,0.9426510334014893,0.05171449854969978,129.93381030883404,0.5104301912879468,0.5212905300950528
0.06270204484462738,-810.907958984375,-761.5475463867188,985.3756103515625,-123.92950439453125,-142.2335205078125,-859.1989135742188,-776.80029296875,296.6485595703125,0.6622546315193176,0.9769253730773926,5.428988933563232,2.2663869857788086,0.037676285952329636,0.09762731194496155,0.011606424115598202,0.3022906184196472,0.08224009722471237,0.09072097390890121,0.9379777312278748,0.04725423827767372,129.93237734361844,0.5091733109071931,0.5468495968595227
0.06959563493728638,-640.0731811523438,-999.7116088867188,982.1920166015625,-49.02880859375,-35.13616943359375,-717.99951171875,-697.5333251953125,-165.26055908203125,0.6622018814086914,0.9906549453735352,5.427440643310547,2.2665019035339355,0.0073772273026406765,0.11590558290481567,0.007851001806557178,0.652100145816803,0.04761134088039398,0.046653419733047485,0.9646795392036438,0.036875929683446884,129.93270067954057,0.5090680100790799,0.5164452373817205
