loss,V3,V6,V9,V10,V11,V12,V15,V18,pred_detector_active_contact_fraction,pred_detector_active_forward_fraction,pred_detector_contact_angle_theta_mean_deg,pred_detector_contact_angle_theta_sigma_deg,pred_derived_vz_sigma_residual,unc_detector_active_contact_fraction,unc_detector_active_forward_fraction,unc_detector_contact_angle_theta_mean_deg,unc_detector_contact_angle_theta_sigma_deg,unc_derived_vz_sigma_residual,pred_viability_prob,unc_viability_prob,derived_vz_mean,derived_vz_sigma_physics,derived_vz_sigma_corrected
0.007607101928442717,-799.8231201171875,-856.627197265625,904.2872314453125,-114.04052734375,-159.42340087890625,-903.9390258789062,-341.1490478515625,41.584228515625,0.8004553914070129,0.9988350868225098,3.512805700302124,1.5534037351608276,-0.029863962903618813,0.017783505842089653,0.006986523978412151,0.0008205280755646527,0.0002221757167717442,0.022392114624381065,0.9633944630622864,0.013222592882812023,130.32667403988594,0.22723724097708015,0.19737327807346133
0.007714446634054184,-778.4539794921875,-955.2651977539062,902.98095703125,-52.89306640625,-100.61883544921875,-775.5894775390625,-215.60504150390625,-181.95794677734375,0.7997133135795593,1.0013175010681152,3.4972355365753174,1.5718945264816284,0.009328882209956646,0.0082063814625144,0.004219125956296921,0.001378245186060667,0.0032577509991824627,0.03795045241713524,0.9755792021751404,0.01169020775705576,130.32769620611387,0.2292587174900137,0.23858759969997034
0.007770453579723835,-779.9776000976562,-951.4951171875,906.81201171875,-52.53485107421875,-100.7752685546875,-773.8981323242188,-204.34967041015625,-198.3070068359375,0.7996527552604675,1.0012718439102173,3.498884916305542,1.5706878900527954,0.007808556314557791,0.00866726879030466,0.003725042100995779,0.005231550429016352,0.002958314260467887,0.03700454533100128,0.973901093006134,0.012360499240458012,130.3275421368485,0.2291647736302987,0.23697332994485648
0.007865742780268192,-777.6317749023438,-952.2899780273438,904.2901611328125,-50.76336669921875,-98.35980224609375,-770.014404296875,-200.79998779296875,-190.316162109375,0.7996547818183899,1.0013518333435059,3.498669385910034,1.5707165002822876,0.008824522607028484,0.008944414556026459,0.003919582348316908,0.0047135185450315475,0.006318521220237017,0.038211431354284286,0.9747581481933594,0.012051316909492016,130.32757032758767,0.22915651935936884,0.23798104196639733
