loss,V3,V6,V9,V10,V11,V12,V15,V18,pred_detector_active_contact_fraction,pred_detector_active_forward_fraction,pred_detector_contact_angle_theta_mean_deg,pred_detector_contact_angle_theta_sigma_deg,pred_derived_vz_sigma_residual,unc_detector_active_contact_fraction,unc_detector_active_forward_fraction,unc_detector_contact_angle_theta_mean_deg,unc_detector_contact_angle_theta_sigma_deg,unc_derived_vz_sigma_residual,pred_viability_prob,unc_viability_prob,derived_vz_mean,derived_vz_sigma_physics,derived_vz_sigma_corrected
0.05225171521306038,-969.1213989257812,-979.2929077148438,374.185302734375,-113.450439453125,-191.49188232421875,-939.6012573242188,-113.29278564453125,-546.33544921875,0.6829559206962585,0.9874484539031982,2.456422805786133,1.737327218055725,0.36912456154823303,0.02505715750157833,0.026197398081421852,0.20781567692756653,0.14822900295257568,0.06792762130498886,0.8212108016014099,0.09817899763584137,130.43999541729116,0.18968673478054102,0.558811296328774
0.08998193591833115,-978.5153198242188,-999.9991455078125,727.0159912109375,10.16650390625,-82.8515625,-674.7113037109375,-128.18133544921875,-147.586181640625,0.683316707611084,0.9836706519126892,2.5637552738189697,1.6173509359359741,0.35884764790534973,0.02903692051768303,0.01728946715593338,0.2526642978191376,0.2685016095638275,0.04067809507250786,0.5188974738121033,0.2551072835922241,130.43727977677176,0.1805038623952089,0.5393515103005586
0.09059873223304749,-975.5537109375,-999.99853515625,727.846923828125,10.1102294921875,-82.87567138671875,-675.1185302734375,-127.68133544921875,-145.77142333984375,0.6833164095878601,0.9835052490234375,2.5662271976470947,1.6153401136398315,0.35616564750671387,0.02834957093000412,0.017475135624408722,0.24963846802711487,0.26649394631385803,0.04039054363965988,0.5215345025062561,0.2511384189128876,130.43715682088134,0.1803873789595056,0.5365530264662195
0.09118709713220596,-972.7906494140625,-999.9990234375,728.5958251953125,10.08868408203125,-82.83978271484375,-675.33154296875,-127.199951171875,-144.6766357421875,0.6833115220069885,0.9833453297615051,2.568742036819458,1.6135897636413574,0.3536625802516937,0.027625007554888725,0.017668085172772408,0.24671465158462524,0.2646164894104004,0.04022182896733284,0.5242307186126709,0.247529998421669,130.4370123797118,0.18030713393815267,0.5339697141898464
