loss,V3,V6,V9,V10,V11,V12,V15,V18,pred_detector_active_contact_fraction,pred_detector_active_forward_fraction,pred_detector_contact_angle_theta_mean_deg,pred_detector_contact_angle_theta_sigma_deg,pred_derived_vz_sigma_residual,unc_detector_active_contact_fraction,unc_detector_active_forward_fraction,unc_detector_contact_angle_theta_mean_deg,unc_detector_contact_angle_theta_sigma_deg,unc_derived_vz_sigma_residual,pred_viability_prob,unc_viability_prob,derived_vz_mean,derived_vz_sigma_physics,derived_vz_sigma_corrected
0.011955647729337215,-916.4420166015625,-787.5679931640625,565.6510009765625,59.7633056640625,-56.25823974609375,-805.811767578125,135.7366943359375,-497.4329528808594,0.6009695529937744,1.0021573305130005,6.619747161865234,3.0131120681762695,0.5150999426841736,0.05624084547162056,0.003255215473473072,0.0002645549539010972,0.12660858035087585,0.0462481789290905,0.981651246547699,0.017030227929353714,129.56987714681563,0.8303799302064483,1.3454798728906219
0.015142744407057762,-886.9780883789062,-683.828125,602.5770263671875,160.505126953125,46.1319580078125,-481.23968505859375,-144.39202880859375,-555.9382934570312,0.601614773273468,0.988969624042511,6.619468688964844,3.0225820541381836,0.5856469869613647,0.02315411902964115,0.014923106878995895,0.0019893310964107513,0.2757762670516968,0.049664996564388275,0.995245635509491,0.005941424518823624,129.56882224319045,0.8331950322571079,1.4188420192184727
0.016147194430232048,-877.0999145507812,-653.7940673828125,648.5604248046875,147.314697265625,40.90625,-486.15655517578125,-102.923828125,-628.8050537109375,0.6004647612571716,0.988681972026825,6.5970587730407715,3.0524628162384033,0.5658867955207825,0.023641517385840416,0.019388314336538315,0.05571248009800911,0.21479155123233795,0.07798192650079727,0.9953207969665527,0.006480065174400806,129.5711109601993,0.8396271783871059,1.4055139739078883
0.01618330180644989,-913.010009765625,-999.9888916015625,886.6673583984375,-87.55218505859375,-103.56585693359375,-756.7734375,-3.9014892578125,-718.63134765625,0.5994128584861755,0.9837088584899902,6.576876163482666,3.0866878032684326,0.16215373575687408,0.019313257187604904,0.007707832381129265,0.06686113774776459,0.0892472118139267,0.02729150280356407,0.90643310546875,0.06712725758552551,129.57223485537597,0.8476002388032048,1.0097539745600788
