loss,V3,V6,V9,V10,V11,V12,V15,V18,pred_detector_active_contact_fraction,pred_detector_active_forward_fraction,pred_detector_contact_angle_theta_mean_deg,pred_detector_contact_angle_theta_sigma_deg,pred_derived_vz_sigma_residual,unc_detector_active_contact_fraction,unc_detector_active_forward_fraction,unc_detector_contact_angle_theta_mean_deg,unc_detector_contact_angle_theta_sigma_deg,unc_derived_vz_sigma_residual,pred_viability_prob,unc_viability_prob,derived_vz_mean,derived_vz_sigma_physics,derived_vz_sigma_corrected
0.20031623542308807,-880.716796875,-786.2498168945312,992.0889892578125,27.7027587890625,-76.67877197265625,-665.1717529296875,94.14501953125,-645.2366943359375,0.5354421138763428,0.949366569519043,4.004881381988525,1.6951370239257812,0.07779940217733383,0.10492393374443054,0.017901889979839325,0.3591824471950531,0.3669299781322479,0.07472457736730576,0.9043684601783752,0.15683840215206146,130.24402475163643,0.28156983434465893,0.35936923652199276
0.20087164640426636,-868.0377197265625,-787.9743041992188,992.6988525390625,26.934814453125,-77.5899658203125,-668.7869262695312,84.653564453125,-623.0233154296875,0.5357856750488281,0.9500569701194763,3.9996252059936523,1.6953805685043335,0.07553910464048386,0.09636911749839783,0.019421814009547234,0.35996705293655396,0.3673292398452759,0.076073057949543,0.9081185460090637,0.14998649060726166,130.2448443504327,0.2812749894070368,0.3568140940475207
0.2010802924633026,-872.001708984375,-787.7852172851562,988.406494140625,27.0927734375,-77.17919921875,-666.689453125,87.224853515625,-631.3759765625,0.5358118414878845,0.9498656392097473,4.000607013702393,1.6965522766113281,0.07625141739845276,0.09812530875205994,0.018938474357128143,0.3573307991027832,0.36477071046829224,0.0751788467168808,0.907110869884491,0.15177583694458008,130.2446094392099,0.2815484874257842,0.35779990482423696
0.20136237144470215,-868.2513427734375,-788.6165771484375,987.790283203125,26.9444580078125,-77.7379150390625,-668.0100708007812,82.958251953125,-626.79345703125,0.5358144044876099,0.9501740336418152,3.9992637634277344,1.697288990020752,0.07599455863237381,0.09570623189210892,0.019385013729333878,0.35721802711486816,0.3640785813331604,0.07551448047161102,0.9082912802696228,0.14970310032367706,130.24477335628333,0.2815940914165295,0.35758865004890333
