loss,V3,V6,V9,V10,V11,V12,V15,V18,pred_detector_active_contact_fraction,pred_detector_active_forward_fraction,pred_detector_contact_angle_theta_mean_deg,pred_detector_contact_angle_theta_sigma_deg,pred_derived_vz_sigma_residual,unc_detector_active_contact_fraction,unc_detector_active_forward_fraction,unc_detector_contact_angle_theta_mean_deg,unc_detector_contact_angle_theta_sigma_deg,unc_derived_vz_sigma_residual,pred_viability_prob,unc_viability_prob,derived_vz_mean,derived_vz_sigma_physics,derived_vz_sigma_corrected
0.009775755926966667,-977.8037719726562,-903.44775390625,697.7725830078125,51.923828125,20.3250732421875,-693.7018432617188,-209.12744140625,-33.5936279296875,0.8981075286865234,1.0104966163635254,4.229592800140381,2.6082963943481445,0.515556812286377,0.03211125358939171,0.015010368078947067,0.028572307899594307,0.0008114225347526371,0.006370031740516424,0.7565961480140686,0.20986375212669373,130.1293503123913,0.4778038135656013,0.9933606258519783
0.01067054271697998,-916.8600463867188,-999.9702758789062,824.4786376953125,63.021728515625,12.81011962890625,-701.62841796875,-283.77252197265625,-52.4600830078125,0.8988550305366516,1.0133610963821411,4.1924147605896,2.6437463760375977,0.5911524295806885,0.019682954996824265,0.0118269557133317,0.05258117616176605,0.0006604085210710764,0.029509902000427246,0.8024343848228455,0.22027091681957245,130.13187724515555,0.48178012051218366,1.0729325500928721
0.010732116177678108,-919.7772827148438,-999.9496459960938,831.939208984375,62.78515625,13.15118408203125,-701.6365966796875,-285.779052734375,-58.97747802734375,0.8985001444816589,1.0132497549057007,4.18773078918457,2.6398143768310547,0.5903849601745605,0.01996888406574726,0.011468439362943172,0.0523478165268898,0.00222801067866385,0.02737538516521454,0.8020858764648438,0.2193458527326584,130.13306839506427,0.48049947281858224,1.0708844329931428
0.01422383263707161,-920.37109375,-999.9811401367188,920.9893798828125,-33.3056640625,52.6070556640625,-712.134765625,-90.5435791015625,-186.1749267578125,0.8972663283348083,1.0213340520858765,4.224310874938965,2.6170644760131836,0.33358141779899597,0.01526716910302639,0.004247302655130625,0.00369225419126451,0.10156064480543137,0.020866766571998596,0.8797219395637512,0.18135182559490204,130.12932886104298,0.4791621449985185,0.8127435627975145
