loss,V3,V6,V9,V10,V11,V12,V15,V18,pred_detector_active_contact_fraction,pred_detector_active_forward_fraction,pred_detector_contact_angle_theta_mean_deg,pred_detector_contact_angle_theta_sigma_deg,pred_derived_vz_sigma_residual,unc_detector_active_contact_fraction,unc_detector_active_forward_fraction,unc_detector_contact_angle_theta_mean_deg,unc_detector_contact_angle_theta_sigma_deg,unc_derived_vz_sigma_residual,pred_viability_prob,unc_viability_prob,derived_vz_mean,derived_vz_sigma_physics,derived_vz_sigma_corrected
0.1777629256248474,-940.5151977539062,-880.0869750976562,991.1910400390625,193.9459228515625,82.1812744140625,-473.235595703125,470.8165283203125,-637.0616455078125,0.7970893979072571,0.9940425753593445,5.689601898193359,2.5162599086761475,0.2068551629781723,0.09188137203454971,0.0135250398889184,0.536307156085968,0.11940007656812668,0.018097538501024246,0.6544819474220276,0.1945701688528061,129.85122805544367,0.5951174511158952,0.8019726140940675
0.18058007955551147,-975.1847534179688,-877.9971923828125,983.789306640625,192.5478515625,86.9779052734375,-469.52276611328125,501.28564453125,-666.7341918945312,0.7973399758338928,0.9945412278175354,5.694223880767822,2.5195305347442627,0.23200581967830658,0.09502121806144714,0.00955556146800518,0.5798071026802063,0.16206228733062744,0.01991053856909275,0.6034207940101624,0.19552554190158844,129.8498582787287,0.5963974113765493,0.8284032310548559
0.18775562942028046,-995.6337280273438,-910.0128173828125,994.8782958984375,194.21630859375,95.216796875,-465.23876953125,524.05419921875,-738.282470703125,0.7966008186340332,1.0017403364181519,5.682210445404053,2.509126901626587,0.27662649750709534,0.0919792503118515,0.0010731955990195274,0.7152788639068604,0.25315889716148376,0.031573522835969925,0.5382668972015381,0.20515964925289154,129.85360488151076,0.5925850709642084,0.8692115684713038
0.18836058676242828,-981.1494750976562,-912.9389038085938,963.27880859375,198.8387451171875,93.3175048828125,-461.22149658203125,508.890380859375,-717.709228515625,0.7973508834838867,1.0001798868179321,5.667210102081299,2.50106143951416,0.26255831122398376,0.0798453539609909,0.005361446179449558,0.6993952393531799,0.27266719937324524,0.03645658493041992,0.6050593852996826,0.22856034338474274,129.8577822954572,0.5891005720129788,0.8516588832369626
