loss,V3,V6,V9,V10,V11,V12,V15,V18,pred_detector_active_contact_fraction,pred_detector_active_forward_fraction,pred_detector_contact_angle_theta_mean_deg,pred_detector_contact_angle_theta_sigma_deg,pred_derived_vz_sigma_residual,unc_detector_active_contact_fraction,unc_detector_active_forward_fraction,unc_detector_contact_angle_theta_mean_deg,unc_detector_contact_angle_theta_sigma_deg,unc_derived_vz_sigma_residual,pred_viability_prob,unc_viability_prob,derived_vz_mean,derived_vz_sigma_physics,derived_vz_sigma_corrected
0.009562337771058083,-898.2245483398438,-858.1318359375,469.466552734375,11.6932373046875,-101.28912353515625,-730.4630126953125,-55.818603515625,-414.19439697265625,0.5785121917724609,0.9769064784049988,3.678173780441284,2.4907052516937256,0.4692063331604004,0.008372191339731216,0.015440437011420727,0.0017870955634862185,0.001033581793308258,0.07199882715940475,0.9205209612846375,0.05040730535984039,130.2278338459794,0.4033881033043114,0.8725944364647118
0.010060136206448078,-827.5767822265625,-999.9610595703125,896.818359375,-4.1265869140625,-132.95001220703125,-749.8548583984375,12.27630615234375,-381.22088623046875,0.5793233513832092,0.9815454483032227,3.6967551708221436,2.4798877239227295,0.41968536376953125,0.02010798454284668,0.021979760378599167,0.00617119949311018,0.0067644501104950905,0.012835618108510971,0.9232270121574402,0.028706179931759834,130.22617851225047,0.40296505419977613,0.8226504179693074
0.010100970044732094,-828.9898071289062,-999.9679565429688,900.0115966796875,-4.88043212890625,-132.978515625,-749.68994140625,7.704833984375,-381.85809326171875,0.5793434977531433,0.9813010096549988,3.696669578552246,2.4800851345062256,0.4200831949710846,0.020002592355012894,0.022285426035523415,0.009447189047932625,0.0023366508539766073,0.013040035031735897,0.9225456118583679,0.028061876073479652,130.22617166036352,0.4029953483678096,0.8230785433388942
0.010591448284685612,-830.4825439453125,-999.9734497070312,917.4605712890625,-6.23687744140625,-134.85845947265625,-750.5601806640625,-18.24078369140625,-392.45758056640625,0.5796366333961487,0.9804668426513672,3.696843385696411,2.4829165935516357,0.4256318509578705,0.021001283079385757,0.02331240102648735,0.001046388759277761,0.015123434364795685,0.014062012545764446,0.9215324521064758,0.024697255343198776,130.22586741080096,0.4035544957599174,0.8291863467177879
