loss,V3,V6,V9,V10,V11,V12,V15,V18,pred_detector_active_contact_fraction,pred_detector_active_forward_fraction,pred_detector_contact_angle_theta_mean_deg,pred_detector_contact_angle_theta_sigma_deg,pred_derived_vz_sigma_residual,unc_detector_active_contact_fraction,unc_detector_active_forward_fraction,unc_detector_contact_angle_theta_mean_deg,unc_detector_contact_angle_theta_sigma_deg,unc_derived_vz_sigma_residual,pred_viability_prob,unc_viability_prob,derived_vz_mean,derived_vz_sigma_physics,derived_vz_sigma_corrected
0.059391655027866364,-736.9714965820312,-906.7943115234375,976.3330078125,-7.38934326171875,-79.12213134765625,-659.4182739257812,-465.8870849609375,-19.37335205078125,0.7053343653678894,0.9677770733833313,3.6213531494140625,1.287249207496643,-0.12458235770463943,0.0892174169421196,0.013802367262542248,0.32617849111557007,0.042969003319740295,0.005111674778163433,0.8519144058227539,0.074623242020607,130.32629005630744,0.19105895882702756,0.06647660112238812
0.06181555613875389,-747.5172729492188,-899.1551513671875,963.1373291015625,-16.1202392578125,-89.47052001953125,-678.356689453125,-519.580810546875,34.420166015625,0.7052441239356995,0.9675955176353455,3.6384098529815674,1.2973979711532593,-0.1185726597905159,0.09376984089612961,0.012992141768336296,0.3269672691822052,0.07264170050621033,0.006637164391577244,0.8585414886474609,0.06935221701860428,130.32330815911112,0.19350641760134007,0.07493375781082418
0.06319653242826462,-720.2822265625,-907.2708740234375,970.305419921875,-11.87060546875,-71.67071533203125,-666.500732421875,-280.3040771484375,-84.561279296875,0.705380380153656,0.96971195936203,3.559666395187378,1.3097728490829468,-0.13961161673069,0.036646246910095215,0.017035793513059616,0.2876177728176117,0.0003167137911077589,0.015242107212543488,0.8630039691925049,0.07625217735767365,130.33393365980658,0.1914981476156537,0.0518865308849637
0.07071560621261597,-703.9240112304688,-897.6368408203125,940.1053466796875,-16.45867919921875,-66.295166015625,-691.0499267578125,-62.70892333984375,-59.42462158203125,0.7041352391242981,0.9696092009544373,3.5354270935058594,1.3089947700500488,-0.17044031620025635,0.03843633458018303,0.024350520223379135,0.41880151629447937,0.0403049997985363,0.046031609177589417,0.8318474292755127,0.09788922965526581,130.33739249968784,0.1901585567932533,0.019718240592996955
