loss,V3,V6,V9,V10,V11,V12,V15,V18,pred_detector_active_contact_fraction,pred_detector_active_forward_fraction,pred_detector_contact_angle_theta_mean_deg,pred_detector_contact_angle_theta_sigma_deg,pred_derived_vz_sigma_residual,unc_detector_active_contact_fraction,unc_detector_active_forward_fraction,unc_detector_contact_angle_theta_mean_deg,unc_detector_contact_angle_theta_sigma_deg,unc_derived_vz_sigma_residual,pred_viability_prob,unc_viability_prob,derived_vz_mean,derived_vz_sigma_physics,derived_vz_sigma_corrected
0.015120124444365501,-769.8836669921875,-813.0217895507812,950.0787353515625,-44.5758056640625,-104.10089111328125,-756.4207763671875,-162.9384765625,-21.029296875,0.7997248768806458,1.0024158954620361,3.398834466934204,1.1677428483963013,-0.08038320392370224,0.012469693087041378,0.00371991447173059,0.002271037781611085,0.13070376217365265,0.05255753919482231,0.9358858466148376,0.025608869269490242,130.36316571946367,0.16237551952283313,0.0819923155991309
0.01525401882827282,-769.499267578125,-813.443359375,949.7728271484375,-45.031005859375,-104.27880859375,-757.0250854492188,-165.00390625,-21.15740966796875,0.7986969947814941,1.0023860931396484,3.3985636234283447,1.1673640012741089,-0.08004876226186752,0.012399123050272465,0.003765864297747612,0.0038084557745605707,0.1316199004650116,0.053109947592020035,0.9361101984977722,0.025389906018972397,130.36321988199367,0.1623077353528601,0.08225897309099259
0.016128988936543465,-764.063720703125,-818.2781372070312,923.6688232421875,-47.50286865234375,-105.841552734375,-765.989013671875,-184.69610595703125,-33.502197265625,0.8010503649711609,1.0022379159927368,3.395188570022583,1.1750022172927856,-0.07379745692014694,0.009804612025618553,0.0037133374717086554,0.0017073983326554298,0.14699921011924744,0.061116330325603485,0.9406571984291077,0.019427301362156868,130.36332044355072,0.16327593928886566,0.08947848236871872
0.01650015264749527,-762.1561889648438,-821.2567138671875,911.740234375,-48.88018798828125,-106.54345703125,-769.9686279296875,-193.0838623046875,-36.40618896484375,0.8006177544593811,1.0021705627441406,3.3871402740478516,1.1762968301773071,-0.07168171554803848,0.008399385027587414,0.003669561119750142,0.001159493811428547,0.15304315090179443,0.06326017528772354,0.9422575831413269,0.017420293763279915,130.36434510887324,0.1631008420044465,0.09141912645640801
