loss,V3,V6,V9,V10,V11,V12,V15,V18,pred_detector_active_contact_fraction,pred_detector_active_forward_fraction,pred_detector_contact_angle_theta_mean_deg,pred_detector_contact_angle_theta_sigma_deg,pred_derived_vz_sigma_residual,unc_detector_active_contact_fraction,unc_detector_active_forward_fraction,unc_detector_contact_angle_theta_mean_deg,unc_detector_contact_angle_theta_sigma_deg,unc_derived_vz_sigma_residual,pred_viability_prob,unc_viability_prob,derived_vz_mean,derived_vz_sigma_physics,derived_vz_sigma_corrected
0.008639443665742874,-896.3823852539062,-999.98095703125,903.4346923828125,-19.8314208984375,-103.1630859375,-760.8452758789062,12.48480224609375,-448.49627685546875,0.8766438961029053,0.9987738728523254,3.210810899734497,2.1044723987579346,0.28188613057136536,0.019829193130135536,0.010201875120401382,0.0006283476832322776,0.010665793903172016,0.009557985700666904,0.967343270778656,0.026470594108104706,130.32701336256338,0.2959194619844585,0.5778055925558239
0.00864210445433855,-896.26708984375,-999.9757080078125,903.742919921875,-17.68853759765625,-101.335205078125,-756.1157836914062,13.61285400390625,-449.66619873046875,0.8762512803077698,0.9988958239555359,3.2146871089935303,2.104058027267456,0.28154459595680237,0.020619120448827744,0.010042183101177216,0.00022128484852146357,0.009841854684054852,0.010789519175887108,0.9683169722557068,0.0259114820510149,130.32655306677952,0.29614465585237293,0.5776892518091753
0.008654309436678886,-896.391845703125,-999.98193359375,904.89599609375,-17.1756591796875,-100.99835205078125,-755.08203125,13.6207275390625,-451.07904052734375,0.8766596913337708,0.998868465423584,3.2143185138702393,2.1032676696777344,0.28191280364990234,0.020868638530373573,0.010067949071526527,0.0013885142980143428,0.007990558631718159,0.011621389538049698,0.9685592651367188,0.025752222165465355,130.32666616108807,0.29598606466362404,0.5778988683135264
0.008657988160848618,-896.36181640625,-999.9786376953125,904.716552734375,-17.0738525390625,-101.0455322265625,-755.3681640625,13.4122314453125,-450.624755859375,0.8772837519645691,0.9988548159599304,3.2077267169952393,2.1013145446777344,0.2823132276535034,0.020831862464547157,0.010010585188865662,0.0020530635956674814,0.007283966988325119,0.011241797357797623,0.968648374080658,0.025715645402669907,130.32767035617664,0.29516444110674794,0.5774776687602514
