loss,V3,V6,V9,V10,V11,V12,V15,V18,pred_detector_active_contact_fraction,pred_detector_active_forward_fraction,pred_detector_contact_angle_theta_mean_deg,pred_detector_contact_angle_theta_sigma_deg,pred_derived_vz_sigma_residual,unc_detector_active_contact_fraction,unc_detector_active_forward_fraction,unc_detector_contact_angle_theta_mean_deg,unc_detector_contact_angle_theta_sigma_deg,unc_derived_vz_sigma_residual,pred_viability_prob,unc_viability_prob,derived_vz_mean,derived_vz_sigma_physics,derived_vz_sigma_corrected
0.11146055161952972,-824.913818359375,-714.9141845703125,901.7789306640625,59.790771484375,-13.2747802734375,-680.8074340820312,114.0421142578125,-606.2727661132812,0.65495365858078,0.9730498194694519,5.461236476898193,2.3956432342529297,0.05626673996448517,0.05303390324115753,0.03472121059894562,0.33508792519569397,0.3884277641773224,0.11438532173633575,0.9290408492088318,0.12044505774974823,129.91348258075428,0.5435910035386234,0.5998577435031086
0.11154739558696747,-801.22607421875,-750.7903442382812,909.424560546875,61.2822265625,-18.87847900390625,-694.1171875,71.4256591796875,-685.0532836914062,0.65485018491745,0.9776046276092529,5.454809665679932,2.4013655185699463,0.06518668681383133,0.044253114610910416,0.030402274802327156,0.31594204902648926,0.3676367700099945,0.11299002915620804,0.9336654543876648,0.11360343545675278,129.91433181000846,0.5444180627107742,0.6096047495246055
0.11195147782564163,-800.0081787109375,-750.3167114257812,903.44677734375,61.63037109375,-21.01617431640625,-697.6630859375,54.44970703125,-667.0987548828125,0.6565354466438293,0.9789655804634094,5.4453606605529785,2.4015843868255615,0.06926213204860687,0.044419221580028534,0.029425321146845818,0.30554938316345215,0.35467076301574707,0.11004264652729034,0.9353033900260925,0.11060471087694168,129.91635518022912,0.543615089528805,0.6128772215774119
0.11247245222330093,-796.661865234375,-750.6886596679688,901.0810546875,61.520751953125,-23.395263671875,-702.8843994140625,39.47802734375,-653.4537353515625,0.6551928520202637,0.979914665222168,5.448259353637695,2.408827066421509,0.07437001913785934,0.04454593360424042,0.02868908829987049,0.2983395755290985,0.34523844718933105,0.10791568458080292,0.9370166659355164,0.10751960426568985,129.9150390680709,0.545660345783929,0.6200303649217883
