loss,V3,V6,V9,V10,V11,V12,V15,V18,pred_detector_active_contact_fraction,pred_detector_active_forward_fraction,pred_detector_contact_angle_theta_mean_deg,pred_detector_contact_angle_theta_sigma_deg,pred_derived_vz_sigma_residual,unc_detector_active_contact_fraction,unc_detector_active_forward_fraction,unc_detector_contact_angle_theta_mean_deg,unc_detector_contact_angle_theta_sigma_deg,unc_derived_vz_sigma_residual,pred_viability_prob,unc_viability_prob,derived_vz_mean,derived_vz_sigma_physics,derived_vz_sigma_corrected
0.03735027834773064,-978.794921875,-724.0656127929688,289.8475341796875,27.7420654296875,-22.03607177734375,-890.137939453125,-774.31591796875,-17.44647216796875,0.6787862777709961,0.9909853935241699,5.552018642425537,2.5886728763580322,0.24469482898712158,0.04762682691216469,0.015406063757836819,0.29326948523521423,0.144332617521286,0.07994239032268524,0.6179752945899963,0.3602698743343353,129.87460667790032,0.6004032127848099,0.8450980417719315
0.045334141701459885,-869.8544311523438,-795.6483764648438,386.0142822265625,152.4254150390625,48.635498046875,-600.1630249023438,103.6630859375,-231.9044189453125,0.6807394027709961,0.9658937454223633,5.540278911590576,2.6094212532043457,0.14779072999954224,0.1222584992647171,0.062334123998880386,0.16000904142856598,0.20122580230236053,0.12969373166561127,0.4460909366607666,0.18491539359092712,129.8750572277869,0.6045310191653569,0.7523217491648991
0.05453938990831375,-927.3338012695312,-978.50341796875,957.0155029296875,255.137451171875,64.3646240234375,-429.51617431640625,512.5672607421875,-712.785400390625,0.6808018684387207,0.9866557121276855,5.645193576812744,2.502026319503784,0.3043931722640991,0.009569811634719372,0.03399893268942833,0.8113799691200256,0.46539372205734253,0.10309288650751114,0.441819429397583,0.3725742995738983,129.8626289951354,0.587269139826969,0.8916623120910682
0.054909683763980865,-706.03662109375,-807.677490234375,957.868896484375,-107.45513916015625,-143.86529541015625,-897.8922729492188,-510.9175720214844,245.6429443359375,0.6778207421302795,1.007916808128357,5.395905017852783,2.6984341144561768,0.16658420860767365,0.04813271388411522,0.006628343835473061,0.0565059594810009,0.06588444113731384,0.0002624063636176288,0.9816317558288574,0.01459557842463255,129.8970407197395,0.6127158769156235,0.7793000855232971
