loss,V3,V6,V9,V10,V11,V12,V15,V18,pred_detector_active_contact_fraction,pred_detector_active_forward_fraction,pred_detector_contact_angle_theta_mean_deg,pred_detector_contact_angle_theta_sigma_deg,pred_derived_vz_sigma_residual,unc_detector_active_contact_fraction,unc_detector_active_forward_fraction,unc_detector_contact_angle_theta_mean_deg,unc_detector_contact_angle_theta_sigma_deg,unc_derived_vz_sigma_residual,pred_viability_prob,unc_viability_prob,derived_vz_mean,derived_vz_sigma_physics,derived_vz_sigma_corrected
0.012151672504842281,-894.15283203125,-978.4903564453125,962.6746826171875,-55.4024658203125,-171.41949462890625,-882.7626953125,-166.67364501953125,-103.946044921875,0.8507482409477234,0.9919837117195129,2.4216909408569336,2.0882322788238525,0.45084381103515625,0.03983971104025841,0.003130433615297079,0.004471132066100836,0.01949022151529789,0.056174010038375854,0.9556338787078857,0.02109042927622795,130.41669572302922,0.23540567898205486,0.6862494900172111
0.012899903580546379,-894.9910888671875,-999.9317626953125,952.22705078125,-13.48583984375,-140.9482421875,-819.7640380859375,-39.024169921875,-98.1251220703125,0.8503932952880859,0.990720272064209,2.411266565322876,2.099654197692871,0.47433891892433167,0.038423091173172,8.396600605919957e-05,0.06671248376369476,0.009239772334694862,0.04737343639135361,0.9591846466064453,0.029803086072206497,130.4167469067201,0.23630231792725231,0.710641236851584
0.013569539412856102,-900.2133178710938,-999.960205078125,952.947998046875,-3.43011474609375,-130.92041015625,-799.225341796875,-11.2235107421875,-111.188720703125,0.8513644337654114,0.9908046722412109,2.438464403152466,2.0874338150024414,0.46847593784332275,0.03724968805909157,0.0010170761961489916,0.08540859818458557,0.0019025359069928527,0.04028512164950371,0.9599328637123108,0.03179553523659706,130.41514167520876,0.2364796834004184,0.7049556212437411
0.013820742256939411,-901.2651977539062,-999.9512939453125,932.7396240234375,-3.187255859375,-130.22930908203125,-798.69384765625,0.39410400390625,-101.8115234375,0.8520445823669434,0.9929351806640625,2.4476897716522217,2.0814707279205322,0.4584633409976959,0.03604500740766525,0.0006246016127988696,0.09507165104150772,0.0023167922627180815,0.03849361836910248,0.9595333933830261,0.03344070911407471,130.41473955456783,0.2362778537295155,0.6947411947272114
