loss,V3,V6,V9,V10,V11,V12,V15,V18,pred_detector_active_contact_fraction,pred_detector_active_forward_fraction,pred_detector_contact_angle_theta_mean_deg,pred_detector_contact_angle_theta_sigma_deg,pred_derived_vz_sigma_residual,unc_detector_active_contact_fraction,unc_detector_active_forward_fraction,unc_detector_contact_angle_theta_mean_deg,unc_detector_contact_angle_theta_sigma_deg,unc_derived_vz_sigma_residual,pred_viability_prob,unc_viability_prob,derived_vz_mean,derived_vz_sigma_physics,derived_vz_sigma_corrected
0.4717518985271454,-614.2945556640625,-836.0353393554688,407.8829345703125,30.265625,-8.1890869140625,-713.6678466796875,78.808349609375,-475.44793701171875,1.0014961957931519,1.0021966695785522,5.2910027503967285,2.511418104171753,-0.03251926973462105,0.03601064905524254,0.012301820330321789,0.37648168206214905,0.36241766810417175,0.0843820571899414,0.8887255191802979,0.0987168699502945,129.93856836051458,0.5562132507822541,0.5236939810476331
0.4717519283294678,-614.297607421875,-836.0427856445312,407.9088134765625,30.2747802734375,-8.18414306640625,-713.6422729492188,78.844482421875,-475.46240234375,1.0014957189559937,1.002196192741394,5.291010856628418,2.511425018310547,-0.032520707696676254,0.03600684553384781,0.012303869239985943,0.37646493315696716,0.3624064326286316,0.0843733698129654,0.888714611530304,0.09872492402791977,129.93856597070803,0.5562156967983442,0.5236949891016679
0.4717519283294678,-614.2945556640625,-836.0012817382812,407.811767578125,30.24560546875,-8.197265625,-713.7261962890625,78.745849609375,-475.40234375,1.0014961957931519,1.002194881439209,5.2909836769104,2.511403799057007,-0.03251979872584343,0.03602540120482445,0.012298023328185081,0.3765023350715637,0.36242902278900146,0.08439915627241135,0.8887363076210022,0.09870278090238571,129.93857378839436,0.5562079732732468,0.5236881745474034
0.4717523455619812,-614.3286743164062,-836.1264038085938,408.1522216796875,30.36962890625,-8.13592529296875,-713.3845825195312,79.166015625,-475.622802734375,1.001492977142334,1.0021923780441284,5.291084289550781,2.5114920139312744,-0.032527144998311996,0.035958874970674515,0.012323933653533459,0.37627696990966797,0.3622780740261078,0.08428686112165451,0.88861483335495,0.09879762679338455,129.93854388808177,0.5562389165494881,0.5237117715511761
