loss,V3,V6,V9,V10,V11,V12,V15,V18,pred_detector_active_contact_fraction,pred_detector_active_forward_fraction,pred_detector_contact_angle_theta_mean_deg,pred_detector_contact_angle_theta_sigma_deg,pred_derived_vz_sigma_residual,unc_detector_active_contact_fraction,unc_detector_active_forward_fraction,unc_detector_contact_angle_theta_mean_deg,unc_detector_contact_angle_theta_sigma_deg,unc_derived_vz_sigma_residual,pred_viability_prob,unc_viability_prob,derived_vz_mean,derived_vz_sigma_physics,derived_vz_sigma_corrected
0.03886682912707329,-947.8751220703125,-980.6607055664062,987.306640625,94.1387939453125,72.9747314453125,-667.193115234375,-290.998046875,-605.389404296875,0.8891904950141907,1.007568120956421,6.403205394744873,2.5426948070526123,0.4298515319824219,0.012880804017186165,0.0061315447092056274,0.02366509661078453,0.2916070818901062,0.11406638473272324,0.8016619086265564,0.13370586931705475,129.67739189120434,0.670611945251839,1.100463477234261
0.03980155661702156,-957.13134765625,-806.2774047851562,931.198974609375,63.9427490234375,14.3369140625,-705.151611328125,-364.069091796875,-352.2840576171875,0.8917508125305176,0.9895565509796143,6.393666744232178,2.617163896560669,0.16777901351451874,0.07287748157978058,0.00646898103877902,0.049422841519117355,0.13912826776504517,0.014055770821869373,0.914307177066803,0.051905568689107895,129.67222364989487,0.6907512988952689,0.8585303124097876
0.04499886929988861,-933.0225830078125,-795.4300537109375,961.0574951171875,101.7047119140625,7.66644287109375,-630.718505859375,-127.70672607421875,-72.93670654296875,0.8952082991600037,0.995318591594696,6.423980236053467,2.63293719291687,0.04960435628890991,0.025361880660057068,0.012837824411690235,0.1932714730501175,0.19979999959468842,0.09975665807723999,0.8393996357917786,0.07901585102081299,129.6628823815284,0.6982529343435405,0.7478572906324504
0.0503639280796051,-989.1611328125,-999.841796875,988.4852294921875,96.0146484375,91.5687255859375,-640.1685791015625,-177.7779541015625,-841.3513793945312,0.8928197026252747,1.0255076885223389,6.494171619415283,2.5010461807250977,0.5816514492034912,0.042812831699848175,0.011422527022659779,0.5228970050811768,0.26355528831481934,0.21637415885925293,0.738666832447052,0.15657326579093933,129.65827156520442,0.6675319202504506,1.2491833694539418
