loss,V3,V6,V9,V10,V11,V12,V15,V18,pred_detector_active_contact_fraction,pred_detector_active_forward_fraction,pred_detector_contact_angle_theta_mean_deg,pred_detector_contact_angle_theta_sigma_deg,pred_derived_vz_sigma_residual,unc_detector_active_contact_fraction,unc_detector_active_forward_fraction,unc_detector_contact_angle_theta_mean_deg,unc_detector_contact_angle_theta_sigma_deg,unc_derived_vz_sigma_residual,pred_viability_prob,unc_viability_prob,derived_vz_mean,derived_vz_sigma_physics,derived_vz_sigma_corrected
0.02469770610332489,-980.984130859375,-850.4984130859375,912.79345703125,68.9573974609375,6.880859375,-777.5802001953125,10.5753173828125,94.441162109375,0.5996071100234985,0.9794655442237854,6.709092617034912,2.9721477031707764,0.25404009222984314,0.041376397013664246,0.023760369047522545,0.03491663187742233,0.3968624472618103,0.049980904906988144,0.7510991096496582,0.08583228290081024,129.5511091261369,0.8280764862182635,1.0821165784481066
0.03209514915943146,-959.5459594726562,-837.601318359375,741.6668701171875,68.768798828125,-60.68109130859375,-781.5242919921875,-305.45892333984375,-437.94696044921875,0.6034642457962036,0.9793463349342346,6.692128658294678,3.065253496170044,0.5327950119972229,0.05774620920419693,0.012554224580526352,0.39210402965545654,0.19187547266483307,0.039198022335767746,0.9508490562438965,0.02655215561389923,129.54452407152553,0.8543977115254724,1.3871927235226953
0.043083034455776215,-985.6043090820312,-898.9933471679688,770.220947265625,55.246337890625,-16.84783935546875,-839.30712890625,-213.593505859375,26.5953369140625,0.5990336537361145,0.9867977499961853,6.5259833335876465,3.1536264419555664,0.3643209636211395,0.037072740495204926,0.019292721524834633,0.28868091106414795,0.09001307934522629,0.1245889961719513,0.914315402507782,0.006226310506463051,129.5772090539169,0.8618022351342595,1.226123198755399
0.04564166069030762,-910.6627807617188,-863.9005737304688,435.2821044921875,95.7159423828125,1.65557861328125,-758.9203491210938,9.898681640625,-949.9368896484375,0.6004099249839783,1.0026744604110718,6.689980983734131,2.9901206493377686,0.6285009980201721,0.03874887526035309,0.019543418660759926,0.7698625922203064,0.318204790353775,0.1413351148366928,0.9868870377540588,0.01254684291779995,129.55407074242123,0.831369428628691,1.4598704266488631
