loss,V3,V6,V9,V10,V11,V12,V15,V18,pred_detector_active_contact_fraction,pred_detector_active_forward_fraction,pred_detector_contact_angle_theta_mean_deg,pred_detector_contact_angle_theta_sigma_deg,pred_derived_vz_sigma_residual,unc_detector_active_contact_fraction,unc_detector_active_forward_fraction,unc_detector_contact_angle_theta_mean_deg,unc_detector_contact_angle_theta_sigma_deg,unc_derived_vz_sigma_residual,pred_viability_prob,unc_viability_prob,derived_vz_mean,derived_vz_sigma_physics,derived_vz_sigma_corrected
0.00970008596777916,-947.403564453125,-826.310791015625,671.508056640625,-61.5531005859375,-63.22723388671875,-760.8309326171875,1.88043212890625,-269.962646484375,0.7302537560462952,0.9902730584144592,3.6378791332244873,1.8138078451156616,0.05771241709589958,0.038842473179101944,0.002326620975509286,0.03652423620223999,0.0004940436920151114,0.06463764607906342,0.8781865239143372,0.05764690414071083,130.29149765177738,0.27801632820748706,0.33572874530338664
0.009939227253198624,-818.8020629882812,-859.5911865234375,903.52734375,-117.81268310546875,-164.26251220703125,-899.4778442382812,-160.1627197265625,-104.152587890625,0.731669008731842,0.9824588894844055,3.6232388019561768,1.8467499017715454,0.054236579686403275,0.042216215282678604,0.005554046016186476,0.0017283299239352345,0.00016712999786250293,0.02465948276221752,0.9044255614280701,0.05383305624127388,130.2912170777677,0.28262261126862537,0.33685919095502864
0.01267949678003788,-904.253662109375,-933.5726928710938,593.146484375,-45.882568359375,-96.8741455078125,-771.3795166015625,-129.837646484375,-483.37762451171875,0.7320594191551208,0.9966523051261902,3.6384174823760986,1.8258792161941528,0.12984438240528107,0.04968282952904701,0.0065049463883042336,0.09294258058071136,0.012270846404135227,0.07574441283941269,0.9243658185005188,0.06271107494831085,130.29054792631212,0.2801075121064401,0.40995189451172115
0.020640313625335693,-869.5056762695312,-978.2223510742188,745.679443359375,-55.358642578125,-96.4232177734375,-770.370849609375,-99.8868408203125,-488.2818908691406,0.7310851216316223,0.9996841549873352,3.6227619647979736,1.8139257431030273,0.11168956756591797,0.04799987003207207,0.006705926265567541,0.2634468078613281,0.13221462070941925,0.03423625975847244,0.9265313744544983,0.07254394143819809,130.29367024408234,0.2770105627697959,0.3887001303357139
