loss,V3,V6,V9,V10,V11,V12,V15,V18,pred_detector_active_contact_fraction,pred_detector_active_forward_fraction,pred_detector_contact_angle_theta_mean_deg,pred_detector_contact_angle_theta_sigma_deg,pred_derived_vz_sigma_residual,unc_detector_active_contact_fraction,unc_detector_active_forward_fraction,unc_detector_contact_angle_theta_mean_deg,unc_detector_contact_angle_theta_sigma_deg,unc_derived_vz_sigma_residual,pred_viability_prob,unc_viability_prob,derived_vz_mean,derived_vz_sigma_physics,derived_vz_sigma_corrected
0.07178738713264465,-995.9306640625,-999.9946899414062,958.5311279296875,52.6337890625,-102.56756591796875,-759.9525146484375,-47.77294921875,-77.84417724609375,0.6283164620399475,0.9951791167259216,2.939408540725708,1.82414972782135,0.4037948548793793,0.003390741068869829,0.009303204715251923,0.10990644991397858,0.0200368482619524,0.024625107645988464,0.8096751570701599,0.08898069709539413,130.38205047336686,0.2327304792317068,0.6365253341110861
0.07207208126783371,-992.9777221679688,-999.9942626953125,960.4420166015625,46.1541748046875,-109.34149169921875,-777.3761596679688,-33.44757080078125,-100.16046142578125,0.6285163760185242,0.9943694472312927,2.943608045578003,1.8229438066482544,0.4050043821334839,0.007901049219071865,0.007671912666410208,0.09189612418413162,0.012374202720820904,0.025514431297779083,0.8264026045799255,0.09298212826251984,130.3816467666614,0.23283037867133577,0.6378347608048196
0.07414320111274719,-991.81689453125,-999.992919921875,934.87548828125,49.60791015625,-106.09881591796875,-769.96337890625,-50.47015380859375,-129.74884033203125,0.6285383105278015,0.9952834248542786,2.950721502304077,1.8190864324569702,0.3998599350452423,0.007761572487652302,0.006950889714062214,0.10023055970668793,0.02124098874628544,0.02674998715519905,0.8363034725189209,0.09168854355812073,130.38109237677833,0.2327301369335124,0.6325900719787547
0.0747714564204216,-992.2421875,-999.9924926757812,925.24072265625,50.0736083984375,-105.5731201171875,-768.9650268554688,-55.57049560546875,-139.40234375,0.6285581588745117,0.9956064224243164,2.952894449234009,1.818156361579895,0.3984462320804596,0.008465874008834362,0.006571601144969463,0.1030491292476654,0.023810509592294693,0.027598004788160324,0.8399146199226379,0.09119043499231339,130.38090458385994,0.23273611141998357,0.6311823435004431
