loss,V3,V6,V9,V10,V11,V12,V15,V18,pred_detector_active_contact_fraction,pred_detector_active_forward_fraction,pred_detector_contact_angle_theta_mean_deg,pred_detector_contact_angle_theta_sigma_deg,pred_derived_vz_sigma_residual,unc_detector_active_contact_fraction,unc_detector_active_forward_fraction,unc_detector_contact_angle_theta_mean_deg,unc_detector_contact_angle_theta_sigma_deg,unc_derived_vz_sigma_residual,pred_viability_prob,unc_viability_prob,derived_vz_mean,derived_vz_sigma_physics,derived_vz_sigma_corrected
0.11205586791038513,-993.2802734375,-968.8719482421875,79.07568359375,-105.30084228515625,-154.77386474609375,-952.8507690429688,-63.0467529296875,-624.2554321289062,0.8476307988166809,1.0098532438278198,2.8599395751953125,2.138787269592285,0.5210623145103455,0.15464383363723755,0.02410813234746456,0.42330291867256165,0.19099676609039307,0.03258578106760979,0.7121741771697998,0.21418790519237518,130.3664501805265,0.27496044212570636,0.7960227566360518
0.13341106474399567,-995.095703125,-999.999267578125,882.3939208984375,-12.63739013671875,7.93182373046875,-816.2306518554688,-14.60321044921875,135.0897216796875,0.8524759411811829,0.9778583645820618,3.0060794353485107,2.1870031356811523,0.520301342010498,0.04639869183301926,0.006465601734817028,0.3682176470756531,0.20088279247283936,0.1669360250234604,0.7788395285606384,0.19642624258995056,130.34527392618836,0.29376501388858056,0.8140663558990786
0.13489773869514465,-992.2740478515625,-999.9993896484375,897.54736328125,-11.44537353515625,7.705322265625,-813.1749877929688,-13.63128662109375,137.9071044921875,0.852485179901123,0.977807343006134,3.0114619731903076,2.1827943325042725,0.5184667706489563,0.04373999312520027,0.0061907959170639515,0.3561273217201233,0.19531042873859406,0.1654672920703888,0.7665455937385559,0.19514742493629456,130.34499543584874,0.2934975257459123,0.8119642963948686
0.15157552063465118,-988.19091796875,-997.1473388671875,668.261474609375,-50.731689453125,-8.60784912109375,-903.3182373046875,-7.857177734375,96.327392578125,0.8499495387077332,0.9727852940559387,2.97881817817688,2.1365411281585693,0.4582172930240631,0.08427679538726807,0.007770704571157694,0.6073940396308899,0.352051705121994,0.1954904943704605,0.8630244731903076,0.2075987458229065,130.35284754360677,0.28356177507397773,0.7417790680980408
