loss,V3,V6,V9,V10,V11,V12,V15,V18,pred_detector_active_contact_fraction,pred_detector_active_forward_fraction,pred_detector_contact_angle_theta_mean_deg,pred_detector_contact_angle_theta_sigma_deg,pred_derived_vz_sigma_residual,unc_detector_active_contact_fraction,unc_detector_active_forward_fraction,unc_detector_contact_angle_theta_mean_deg,unc_detector_contact_angle_theta_sigma_deg,unc_derived_vz_sigma_residual,pred_viability_prob,unc_viability_prob,derived_vz_mean,derived_vz_sigma_physics,derived_vz_sigma_corrected
0.07564836740493774,-975.257080078125,-994.0294189453125,850.0013427734375,104.357421875,101.2293701171875,-719.9381713867188,-945.2611083984375,-867.2000732421875,0.6001561284065247,0.9980087876319885,6.496091365814209,2.301880121231079,0.3410484790802002,0.09349903464317322,0.0050574904307723045,0.5917204022407532,0.06216049566864967,0.13847655057907104,0.9611456394195557,0.06227435544133186,129.67666889227112,0.6114066529435881,0.9524551320237883
0.07636398077011108,-961.4273071289062,-941.1549072265625,606.32421875,45.4935302734375,42.3333740234375,-876.9016723632812,-727.1868896484375,-891.4728393554688,0.5989556908607483,0.9757040143013,6.435988903045654,2.304950714111328,0.2416570782661438,0.03702473267912865,0.0046738735400140285,0.5033587217330933,0.07696443796157837,0.11969425529241562,0.9962389469146729,0.005158495623618364,129.69180726604964,0.6069651199888892,0.848622198255033
0.08507850021123886,-952.6031494140625,-989.8477172851562,949.3551025390625,86.7177734375,95.64501953125,-744.5584716796875,-947.0350952148438,-856.158447265625,0.6014406085014343,0.9980567097663879,6.5015106201171875,2.331364631652832,0.3539399802684784,0.08397418260574341,0.0037088152021169662,0.6419061422348022,0.12630292773246765,0.13265159726142883,0.9295329451560974,0.10196691006422043,129.6725736128107,0.620176242824609,0.9741162230930874
0.09239181876182556,-936.8619995117188,-945.5123291015625,941.776611328125,67.8050537109375,89.4652099609375,-780.19970703125,-997.2094116210938,-875.00830078125,0.6011527180671692,0.9921970367431641,6.462057590484619,2.354612350463867,0.3334498703479767,0.0754292830824852,0.0035978960804641247,0.6005955338478088,0.15625782310962677,0.1294223517179489,0.9369584918022156,0.08598804473876953,129.68056692617543,0.6231739926094494,0.9566238629574261
