loss,V3,V6,V9,V10,V11,V12,V15,V18,pred_detector_active_contact_fraction,pred_detector_active_forward_fraction,pred_detector_contact_angle_theta_mean_deg,pred_detector_contact_angle_theta_sigma_deg,pred_derived_vz_sigma_residual,unc_detector_active_contact_fraction,unc_detector_active_forward_fraction,unc_detector_contact_angle_theta_mean_deg,unc_detector_contact_angle_theta_sigma_deg,unc_derived_vz_sigma_residual,pred_viability_prob,unc_viability_prob,derived_vz_mean,derived_vz_sigma_physics,derived_vz_sigma_corrected
0.19663794338703156,-697.009765625,-779.843994140625,841.1300048828125,29.481201171875,-77.633056640625,-677.509033203125,-233.27435302734375,249.6387939453125,0.5905877947807312,0.9666720032691956,4.629383563995361,2.0190484523773193,0.05505799129605293,0.034090861678123474,0.007279770914465189,0.37169554829597473,0.24750275909900665,0.08551725745201111,0.4474512040615082,0.22076280415058136,130.11305604296552,0.3884530414840236,0.44351103278007653
0.2101513296365738,-737.9854736328125,-798.1019287109375,868.6451416015625,-89.75750732421875,-160.7425537109375,-855.5370483398438,-476.41241455078125,320.7452392578125,0.5892762541770935,0.9993360638618469,4.582910537719727,2.0461957454681396,0.039301853626966476,0.032533228397369385,0.007766577880829573,0.32488664984703064,0.18506421148777008,0.060585182160139084,0.8556382060050964,0.042127057909965515,130.11937173923442,0.3905358757561714,0.42983772938313786
0.21280360221862793,-699.0626220703125,-999.9930419921875,713.6146240234375,-11.623779296875,-39.21282958984375,-653.6240844726562,51.77197265625,-339.2222900390625,0.5872636437416077,0.996863842010498,4.609057903289795,2.042952299118042,-0.05925064906477928,0.07712221145629883,0.017939887940883636,0.15014807879924774,0.44839397072792053,0.27892816066741943,0.9262077212333679,0.04626307636499405,130.11486117598224,0.39188080526872215,0.3326301562039429
0.21672987937927246,-691.7667236328125,-999.9928588867188,744.0615234375,-12.946044921875,-42.05206298828125,-655.2666015625,49.9835205078125,-329.68414306640625,0.5869741439819336,0.9950504302978516,4.596683025360107,2.0515053272247314,-0.04747897386550903,0.07547643780708313,0.017258940264582634,0.19787926971912384,0.3621787428855896,0.2432321310043335,0.9286201596260071,0.04399346560239792,130.1164296636671,0.39270715518461524,0.3452281813191062
