loss,V3,V6,V9,V10,V11,V12,V15,V18,pred_detector_active_contact_fraction,pred_detector_active_forward_fraction,pred_detector_contact_angle_theta_mean_deg,pred_detector_contact_angle_theta_sigma_deg,pred_derived_vz_sigma_residual,unc_detector_active_contact_fraction,unc_detector_active_forward_fraction,unc_detector_contact_angle_theta_mean_deg,unc_detector_contact_angle_theta_sigma_deg,unc_derived_vz_sigma_residual,pred_viability_prob,unc_viability_prob,derived_vz_mean,derived_vz_sigma_physics,derived_vz_sigma_corrected
0.014251518994569778,-667.3004150390625,-809.6942749023438,781.8671875,-123.6180419921875,-134.44390869140625,-887.4971923828125,-466.67950439453125,54.4705810546875,0.700625479221344,0.9917687773704529,5.0675225257873535,2.4397950172424316,0.049171801656484604,0.030586108565330505,0.0100375572219491,0.0005916617810726166,0.07481494545936584,0.004841670859605074,0.9499170780181885,0.04332071170210838,129.99153680902106,0.5183804680902295,0.5675522697467141
0.0183920506387949,-643.4594116210938,-819.2828369140625,354.1654052734375,15.7984619140625,9.461669921875,-738.4636840820312,-483.4022216796875,-208.427490234375,0.6989929676055908,0.983578622341156,5.016587734222412,2.4605491161346436,0.09895598888397217,0.002926137764006853,0.015666507184505463,0.019930144771933556,0.07079673558473587,0.04017314687371254,0.8985040783882141,0.06563835591077805,129.9997191335499,0.5185551500823731,0.6175111389663452
0.04272381588816643,-639.0667724609375,-999.8419799804688,873.6279296875,-54.80133056640625,-41.90460205078125,-754.5812377929688,-403.23822021484375,-324.16278076171875,0.7001030445098877,1.005133032798767,4.995524883270264,2.5038156509399414,0.14354336261749268,0.01599295623600483,0.01672460325062275,0.38618963956832886,0.2779447138309479,0.032234203070402145,0.9434266090393066,0.079319067299366,129.99965242789852,0.5266881288502681,0.6702314914677607
0.049369800835847855,-694.80615234375,-999.877197265625,881.0823974609375,-68.085205078125,-45.39178466796875,-755.7234497070312,-325.26617431640625,-386.0675048828125,0.699937641620636,1.0080618858337402,4.972775936126709,2.5163135528564453,0.16119374334812164,0.020146366208791733,0.013799241743981838,0.4370756447315216,0.3384796679019928,0.029411928728222847,0.9364423751831055,0.08443516492843628,130.00291158178374,0.5274727575624156,0.6886665009105373
