loss,V3,V6,V9,V10,V11,V12,V15,V18,pred_detector_active_contact_fraction,pred_detector_active_forward_fraction,pred_detector_contact_angle_theta_mean_deg,pred_detector_contact_angle_theta_sigma_deg,pred_derived_vz_sigma_residual,unc_detector_active_contact_fraction,unc_detector_active_forward_fraction,unc_detector_contact_angle_theta_mean_deg,unc_detector_contact_angle_theta_sigma_deg,unc_derived_vz_sigma_residual,pred_viability_prob,unc_viability_prob,derived_vz_mean,derived_vz_sigma_physics,derived_vz_sigma_corrected
0.027487609535455704,-792.2597045898438,-806.2168579101562,982.60595703125,-35.39215087890625,-27.95025634765625,-718.13525390625,-631.9599609375,-185.62066650390625,0.8609657287597656,0.9935832619667053,5.25510835647583,2.202286958694458,-0.020928338170051575,0.040119364857673645,0.006952402647584677,0.06337592005729675,0.1528548300266266,0.06969592720270157,0.9303200840950012,0.06661739945411682,129.97492458267254,0.4791471167041461,0.45821877853409454
0.027548808604478836,-792.414306640625,-817.4044189453125,983.714599609375,-31.35797119140625,-22.07879638671875,-709.0140380859375,-649.7506103515625,-243.16265869140625,0.8610439300537109,0.9934011101722717,5.262411594390869,2.1979687213897705,-0.016282087191939354,0.052891604602336884,0.008017336949706078,0.07914546877145767,0.14672759175300598,0.0718277245759964,0.9234264492988586,0.07471977919340134,129.9737758666715,0.4787429337775997,0.46246084658566033
0.02846130169928074,-790.5628051757812,-818.464111328125,973.6563720703125,-33.18206787109375,-23.58819580078125,-715.5036010742188,-653.8030395507812,-247.52685546875,0.861051082611084,0.9944122433662415,5.250887393951416,2.2084035873413086,-0.011147886514663696,0.04918757081031799,0.007440940011292696,0.06454986333847046,0.14639247953891754,0.07065003365278244,0.9303534030914307,0.06835850328207016,129.97527085088797,0.4802296479394128,0.4690817614247491
0.02870449237525463,-787.9351806640625,-818.87451171875,969.73779296875,-32.01361083984375,-22.8118896484375,-714.380615234375,-653.3065795898438,-240.58343505859375,0.8610153794288635,0.9944741129875183,5.246674060821533,2.2115402221679688,-0.010087569244205952,0.04662441834807396,0.007053053006529808,0.056134048849344254,0.14919188618659973,0.07034759968519211,0.9322233200073242,0.06652864813804626,129.97587444581077,0.4806125814833352,0.47052501223912924
