loss,V3,V6,V9,V10,V11,V12,V15,V18,pred_detector_active_contact_fraction,pred_detector_active_forward_fraction,pred_detector_contact_angle_theta_mean_deg,pred_detector_contact_angle_theta_sigma_deg,pred_derived_vz_sigma_residual,unc_detector_active_contact_fraction,unc_detector_active_forward_fraction,unc_detector_contact_angle_theta_mean_deg,unc_detector_contact_angle_theta_sigma_deg,unc_derived_vz_sigma_residual,pred_viability_prob,unc_viability_prob,derived_vz_mean,derived_vz_sigma_physics,derived_vz_sigma_corrected
0.06075012683868408,-989.4268798828125,-989.069091796875,987.0396728515625,-88.948974609375,-183.00445556640625,-970.7188110351562,-253.450927734375,87.340087890625,0.9500026702880859,1.0199720859527588,2.8988454341888428,2.3882391452789307,0.5141074061393738,0.10653027892112732,0.011853052303195,0.634630024433136,0.05320509895682335,0.07756718248128891,0.9483096599578857,0.02322821132838726,130.3395776394435,0.31831818878341667,0.8324255949227904
0.06485666334629059,-993.4884643554688,-999.9973754882812,987.716552734375,-61.160400390625,-161.6822509765625,-916.343994140625,-309.635498046875,85.483154296875,0.9470977187156677,1.023159384727478,2.8640851974487305,2.371880292892456,0.519725501537323,0.11097794771194458,0.006503853481262922,0.6182924509048462,0.16030855476856232,0.05285884067416191,0.9626153111457825,0.013356156647205353,130.34510371806041,0.3127675821749716,0.8324930837122946
0.09545913338661194,-996.3499755859375,-999.9976806640625,846.9486083984375,52.626220703125,-44.0701904296875,-702.853759765625,-160.65740966796875,-158.939453125,0.9318912625312805,1.0091922283172607,2.840073585510254,2.1697068214416504,0.4728502333164215,0.03833260014653206,0.0064047775231301785,0.20437127351760864,0.029368741437792778,0.036848921328783035,0.9658215641975403,0.012256924994289875,130.36605530954773,0.2783083827526557,0.7511586160690772
0.09579707682132721,-996.0652465820312,-999.9970703125,847.177978515625,52.673583984375,-44.137939453125,-702.7965087890625,-160.53594970703125,-158.7230224609375,0.9318146109580994,1.0091642141342163,2.83978533744812,2.16872239112854,0.4724007844924927,0.0383487306535244,0.0064129335805773735,0.2042282074689865,0.029794257134199142,0.03665825352072716,0.9658163189888,0.012286612764000893,130.36617264659972,0.27813198784675125,0.7505327723392439
