loss,V3,V6,V9,V10,V11,V12,V15,V18,pred_detector_active_contact_fraction,pred_detector_active_forward_fraction,pred_detector_contact_angle_theta_mean_deg,pred_detector_contact_angle_theta_sigma_deg,pred_derived_vz_sigma_residual,unc_detector_active_contact_fraction,unc_detector_active_forward_fraction,unc_detector_contact_angle_theta_mean_deg,unc_detector_contact_angle_theta_sigma_deg,unc_derived_vz_sigma_residual,pred_viability_prob,unc_viability_prob,derived_vz_mean,derived_vz_sigma_physics,derived_vz_sigma_corrected
0.03389091044664383,-990.3971557617188,-998.5340576171875,785.07373046875,-75.578857421875,13.844482421875,-974.6716918945312,-220.5325927734375,-990.6060791015625,0.9722528457641602,1.0027254819869995,5.339524745941162,1.6815271377563477,0.08722015470266342,0.032985664904117584,0.003648357233032584,0.4425871968269348,0.1057705208659172,0.14923034608364105,0.9295229911804199,0.08354563266038895,129.9972095477235,0.3652624784049243,0.45248263310758774
0.034777939319610596,-979.1990966796875,-993.5139770507812,832.2342529296875,-75.0740966796875,14.82379150390625,-965.0824584960938,-334.07550048828125,-955.5977783203125,0.9702467918395996,1.0041203498840332,5.319519519805908,1.6765435934066772,0.07130977511405945,0.05708551034331322,0.004524804651737213,0.5073943138122559,0.07457409799098969,0.11718176305294037,0.9250907301902771,0.10509682446718216,130.00177521900906,0.3628341292882458,0.43414390440230527
0.036145418882369995,-987.2274169921875,-982.0658569335938,816.4810791015625,-85.16729736328125,2.35675048828125,-988.038330078125,-162.150390625,-977.23583984375,0.9694135189056396,1.0060911178588867,5.310102462768555,1.7004575729370117,0.05370430275797844,0.03545180335640907,0.004718583542853594,0.4934520423412323,0.09238532930612564,0.13101819157600403,0.917476236820221,0.08399805426597595,130.00216390778124,0.3676353848517006,0.42133968760967905
0.03726597875356674,-982.0440673828125,-996.476318359375,806.0804443359375,-80.9166259765625,9.45391845703125,-983.9695434570312,-235.16217041015625,-975.5429077148438,0.9616190791130066,1.0040990114212036,5.270328044891357,1.6822036504745483,0.0765392854809761,0.040443263947963715,0.004025841131806374,0.4472896158695221,0.08236715942621231,0.1307295709848404,0.9199125170707703,0.09508346021175385,130.01174327445156,0.3609194828171746,0.4374587682981507
