loss,V3,V6,V9,V10,V11,V12,V15,V18,pred_detector_active_contact_fraction,pred_detector_active_forward_fraction,pred_detector_contact_angle_theta_mean_deg,pred_detector_contact_angle_theta_sigma_deg,pred_derived_vz_sigma_residual,unc_detector_active_contact_fraction,unc_detector_active_forward_fraction,unc_detector_contact_angle_theta_mean_deg,unc_detector_contact_angle_theta_sigma_deg,unc_derived_vz_sigma_residual,pred_viability_prob,unc_viability_prob,derived_vz_mean,derived_vz_sigma_physics,derived_vz_sigma_corrected
0.01582903228700161,-600.953125,-752.8237915039062,254.7899169921875,25.8446044921875,4.10333251953125,-687.5578002929688,320.5469970703125,-595.6817626953125,0.9435272216796875,1.0008063316345215,6.384080410003662,3.2477359771728516,0.11481127887964249,0.09922698885202408,0.04233160614967346,0.0012661665678024292,0.10706149786710739,0.07834836840629578,0.6470038294792175,0.13674554228782654,129.60163113146245,0.8731025868075124,0.9879138656871549
0.0183405838906765,-580.3907470703125,-833.301513671875,559.9461669921875,45.7352294921875,12.9952392578125,-718.7838745117188,70.814208984375,-665.0652465820312,0.9431159496307373,1.0030609369277954,6.360469818115234,3.266862154006958,0.15328241884708405,0.04989543557167053,0.014637530781328678,0.06241849064826965,0.12404125183820724,0.07097313553094864,0.9512656331062317,0.07359177619218826,129.6051359955861,0.8759579374202542,1.0292403562673382
0.018536150455474854,-582.6449584960938,-829.90869140625,575.420654296875,44.5562744140625,12.2435302734375,-720.463623046875,88.3458251953125,-660.8203125,0.9429791569709778,1.0032545328140259,6.3609137535095215,3.267690420150757,0.15297751128673553,0.05326717719435692,0.015095600858330727,0.06434275954961777,0.125491663813591,0.06854986399412155,0.950415849685669,0.07516898214817047,129.6049172147557,0.8762587720461823,1.0292362833329178
0.019394515082240105,-597.1901245117188,-845.87255859375,739.4862060546875,52.0806884765625,5.54022216796875,-688.961181640625,133.51611328125,-664.0789794921875,0.9432144165039062,1.0109901428222656,6.341466903686523,3.294785737991333,0.16917604207992554,0.04714423418045044,0.010655663907527924,0.047109078615903854,0.09349843114614487,0.03707445412874222,0.9406676292419434,0.0928264856338501,129.60630347399098,0.8819795172621265,1.051155559342052
