loss,V3,V6,V9,V10,V11,V12,V15,V18,pred_detector_active_contact_fraction,pred_detector_active_forward_fraction,pred_detector_contact_angle_theta_mean_deg,pred_detector_contact_angle_theta_sigma_deg,pred_derived_vz_sigma_residual,unc_detector_active_contact_fraction,unc_detector_active_forward_fraction,unc_detector_contact_angle_theta_mean_deg,unc_detector_contact_angle_theta_sigma_deg,unc_derived_vz_sigma_residual,pred_viability_prob,unc_viability_prob,derived_vz_mean,derived_vz_sigma_physics,derived_vz_sigma_corrected
0.007644666824489832,-938.6242065429688,-800.02294921875,649.6907958984375,-65.92596435546875,-72.55126953125,-748.2860717773438,-14.53607177734375,-210.4898681640625,0.5728463530540466,0.9924580454826355,3.804265260696411,1.9705935716629028,0.10473790019750595,0.012457581236958504,0.0026735567953437567,0.0009217494516633451,0.0595066100358963,0.007008260115981102,0.7735360264778137,0.08646804094314575,130.2551206732007,0.3171888870100859,0.42192678720759186
0.016445592045783997,-804.3558349609375,-895.4913330078125,942.6746826171875,-147.69720458984375,-175.340576171875,-915.48828125,-105.0213623046875,-149.96844482421875,0.5733681321144104,0.9914705157279968,3.8539092540740967,1.9216057062149048,0.08501670509576797,0.00587428966537118,0.019242960959672928,0.13013291358947754,0.09821590036153793,0.050037991255521774,0.8684847354888916,0.0678933709859848,130.25134975516715,0.3119812539930093,0.3969979590887773
0.026551783084869385,-744.6807861328125,-999.9524536132812,882.4853515625,-31.14434814453125,-126.73333740234375,-741.3429565429688,-224.3218994140625,-426.9422607421875,0.5740596652030945,0.9927914142608643,3.8573596477508545,1.9425996541976929,0.10871466249227524,0.013563454151153564,0.005011215806007385,0.3798021078109741,0.18526645004749298,0.08056947588920593,0.9659461975097656,0.016549231484532356,130.24921174555897,0.3160180193355942,0.42473268182786944
0.02678508870303631,-745.8092041015625,-999.9541015625,892.2642822265625,-32.166259765625,-128.35528564453125,-743.13818359375,-223.22479248046875,-431.56787109375,0.5740535259246826,0.9924068450927734,3.8577311038970947,1.9423713684082031,0.11114224791526794,0.013791590929031372,0.005272518843412399,0.381133109331131,0.18770860135555267,0.08055770397186279,0.9652450680732727,0.01674417220056057,130.2491724012331,0.3160037147833162,0.4271459626985841
