loss,V3,V6,V9,V10,V11,V12,V15,V18,pred_detector_active_contact_fraction,pred_detector_active_forward_fraction,pred_detector_contact_angle_theta_mean_deg,pred_detector_contact_angle_theta_sigma_deg,pred_derived_vz_sigma_residual,unc_detector_active_contact_fraction,unc_detector_active_forward_fraction,unc_detector_contact_angle_theta_mean_deg,unc_detector_contact_angle_theta_sigma_deg,unc_derived_vz_sigma_residual,pred_viability_prob,unc_viability_prob,derived_vz_mean,derived_vz_sigma_physics,derived_vz_sigma_corrected
0.024149233475327492,-769.0031127929688,-809.5432739257812,978.6888427734375,-57.9022216796875,-37.20941162109375,-726.0582275390625,-642.97265625,-272.95391845703125,0.7500502467155457,0.9908964037895203,5.601705551147461,2.465559720993042,0.048893507570028305,0.06238079071044922,0.009337182156741619,0.06147262826561928,0.13910344243049622,0.059935349971055984,0.9316666722297668,0.06474822014570236,129.87591800098733,0.5739318495792319,0.6228253571492602
0.02440609037876129,-763.6024169921875,-805.796630859375,965.42822265625,-60.217529296875,-38.27801513671875,-732.6019287109375,-630.26953125,-215.40625,0.7498148083686829,0.9918079972267151,5.582025051116943,2.4774036407470703,0.04740682616829872,0.04787839204072952,0.007263172417879105,0.024105312302708626,0.14480964839458466,0.058479052037000656,0.9419848918914795,0.053974997252225876,129.87912772087367,0.575087949814832,0.6224947759831307
0.026415308937430382,-735.85546875,-844.6589965820312,959.2003173828125,-56.56060791015625,-32.970458984375,-728.9732666015625,-615.8782958984375,-249.7862548828125,0.7502527236938477,0.9940659403800964,5.571139812469482,2.482391595840454,0.04597825929522514,0.04823314771056175,0.005205626133829355,0.08601069450378418,0.12233108282089233,0.05545663833618164,0.9510409235954285,0.04934641346335411,129.88104755998418,0.5753280905170085,0.6213063498122336
0.02866363152861595,-832.1302490234375,-762.8712158203125,979.41845703125,-113.56121826171875,-120.90386962890625,-887.84033203125,-726.178955078125,256.654052734375,0.7500020861625671,0.9928072094917297,5.596895694732666,2.4691860675811768,0.08440615981817245,0.03848080337047577,0.008640679530799389,0.25242024660110474,0.051428865641355515,0.08166409283876419,0.968623161315918,0.028356900438666344,129.87663291051368,0.5744004243973118,0.6588065842154842
