loss,V3,V6,V9,V10,V11,V12,V15,V18,pred_detector_active_contact_fraction,pred_detector_active_forward_fraction,pred_detector_contact_angle_theta_mean_deg,pred_detector_contact_angle_theta_sigma_deg,pred_derived_vz_sigma_residual,unc_detector_active_contact_fraction,unc_detector_active_forward_fraction,unc_detector_contact_angle_theta_mean_deg,unc_detector_contact_angle_theta_sigma_deg,unc_derived_vz_sigma_residual,pred_viability_prob,unc_viability_prob,derived_vz_mean,derived_vz_sigma_physics,derived_vz_sigma_corrected
0.03828633204102516,-996.18994140625,-999.998046875,981.8602294921875,-6.70269775390625,-68.54913330078125,-842.911376953125,-23.60638427734375,4.01068115234375,0.9883751273155212,1.0009833574295044,2.49424147605896,1.419633388519287,0.16232353448867798,0.025512980297207832,0.006012872792780399,0.003346759593114257,0.003547529922798276,0.035265371203422546,0.8758146166801453,0.11261764913797379,130.45620012455436,0.15176394728547904,0.314087481774157
0.038947850465774536,-993.9340209960938,-999.9969482421875,983.1649169921875,-10.32659912109375,-72.4652099609375,-847.8040771484375,-25.88134765625,6.9224853515625,0.9923036694526672,1.00124990940094,2.480560064315796,1.407314419746399,0.15767699480056763,0.024852322414517403,0.005703388247638941,0.0018739098450168967,0.006397943012416363,0.03630155324935913,0.8792832493782043,0.11243671178817749,130.45824532372902,0.14955644227223663,0.30723343707280426
0.03969205170869827,-995.9629516601562,-999.9974975585938,957.528076171875,14.90185546875,-46.95965576171875,-799.827392578125,-22.65802001953125,-6.9715576171875,0.9884210228919983,1.001252293586731,2.4978201389312744,1.4139989614486694,0.15133410692214966,0.020611582323908806,0.0073515609838068485,0.040270786732435226,0.006832645274698734,0.02182869054377079,0.8602254986763,0.11322034150362015,130.45616216722047,0.1512652068018372,0.30259931372398685
0.039741575717926025,-996.0372924804688,-999.99755859375,954.139892578125,15.1317138671875,-46.4814453125,-799.744140625,-22.23333740234375,-7.69183349609375,0.988429069519043,1.0012760162353516,2.4980475902557373,1.413735032081604,0.1506257802248001,0.021098565310239792,0.007244860287755728,0.04044541344046593,0.006469872780144215,0.022242318838834763,0.861018180847168,0.11331279575824738,130.45615440386268,0.15124495675612254,0.30187073698092265
