loss,V3,V6,V9,V10,V11,V12,V15,V18,pred_detector_active_contact_fraction,pred_detector_active_forward_fraction,pred_detector_contact_angle_theta_mean_deg,pred_detector_contact_angle_theta_sigma_deg,pred_derived_vz_sigma_residual,unc_detector_active_contact_fraction,unc_detector_active_forward_fraction,unc_detector_contact_angle_theta_mean_deg,unc_detector_contact_angle_theta_sigma_deg,unc_derived_vz_sigma_residual,pred_viability_prob,unc_viability_prob,derived_vz_mean,derived_vz_sigma_physics,derived_vz_sigma_corrected
0.2854580581188202,-867.327392578125,-942.2152709960938,540.715087890625,200.738037109375,76.2236328125,-477.849609375,430.8336181640625,-485.29638671875,0.7533435821533203,0.9910979270935059,5.074859142303467,2.0598695278167725,0.03216715529561043,0.10551394522190094,0.05113987997174263,0.5420557856559753,0.9247112274169922,0.3175564408302307,0.6020070314407349,0.408976286649704,130.0239105935594,0.43179959724682765,0.4639667525424381
0.2860376834869385,-844.6976928710938,-999.9971313476562,-42.32659912109375,44.727783203125,36.371337890625,-669.5738525390625,30.7926025390625,-410.86212158203125,0.7527608871459961,1.0273444652557373,5.107564926147461,2.017747640609741,-0.06259600818157196,0.05119379237294197,0.01666710153222084,0.563612163066864,1.5101794004440308,0.5616888999938965,0.4490008056163788,0.26004651188850403,130.02069952024462,0.4248477098009418,0.3622517016193698
0.2863426208496094,-844.659423828125,-999.9971313476562,-40.603271484375,43.8853759765625,35.5723876953125,-670.2743530273438,33.1944580078125,-410.2099609375,0.7524425387382507,1.0276216268539429,5.107458591461182,2.019474744796753,-0.06266209483146667,0.05118490755558014,0.016895780339837074,0.5563477873802185,1.504353642463684,0.5607175230979919,0.44924381375312805,0.2592906355857849,130.0205830055701,0.4252289481816571,0.3625668533501904
0.2943694293498993,-903.5003662109375,-878.0970458984375,362.56884765625,170.721435546875,86.3031005859375,-523.31591796875,398.6134033203125,-445.580078125,0.750917911529541,0.9900555610656738,5.059289455413818,2.0671164989471436,0.03138339892029762,0.11274619400501251,0.05522628873586655,0.5496020913124084,0.9884694218635559,0.3172612190246582,0.5188316702842712,0.3725743889808655,130.02645124490238,0.4322081594916108,0.4635915584119084
