loss,V3,V6,V9,V10,V11,V12,V15,V18,pred_detector_active_contact_fraction,pred_detector_active_forward_fraction,pred_detector_contact_angle_theta_mean_deg,pred_detector_contact_angle_theta_sigma_deg,pred_derived_vz_sigma_residual,unc_detector_active_contact_fraction,unc_detector_active_forward_fraction,unc_detector_contact_angle_theta_mean_deg,unc_detector_contact_angle_theta_sigma_deg,unc_derived_vz_sigma_residual,pred_viability_prob,unc_viability_prob,derived_vz_mean,derived_vz_sigma_physics,derived_vz_sigma_corrected
0.16338151693344116,-796.1272583007812,-791.4046630859375,985.8382568359375,-115.33514404296875,-147.900634765625,-798.0741577148438,-806.07275390625,358.025390625,0.5507606267929077,0.9529271125793457,5.112506866455078,1.948683738708496,-0.02611413598060608,0.1594422161579132,0.024417776614427567,0.4997105002403259,0.10377758741378784,0.09574989229440689,0.801323413848877,0.19883213937282562,130.0251215877759,0.40969566884748493,0.38358153286687885
0.16741879284381866,-812.10986328125,-836.541015625,988.748046875,-39.51165771484375,-41.5301513671875,-627.3883056640625,-853.8033447265625,-142.4193115234375,0.5523797869682312,0.9584725499153137,5.096130847930908,1.9644232988357544,0.00781711470335722,0.21965746581554413,0.01847073808312416,0.4886965751647949,0.07477878034114838,0.018436824902892113,0.6309388279914856,0.2986190617084503,130.02722141714992,0.41199759568379857,0.4198147103871558
0.17999334633350372,-643.85302734375,-999.9057006835938,987.02294921875,-46.124267578125,-52.9075927734375,-677.4502563476562,-741.743408203125,-58.55377197265625,0.5510557293891907,0.9735873341560364,5.085052013397217,1.966353416442871,-0.035676259547472,0.15965843200683594,0.013742642477154732,0.8979291319847107,0.19452469050884247,0.014224587008357048,0.9296147227287292,0.055907510221004486,130.029310914395,0.4115977735640075,0.3759215140165355
0.1832852065563202,-745.3817138671875,-981.0903930664062,980.002197265625,-16.3724365234375,-22.7574462890625,-600.653076171875,-840.2890014648438,-374.61981201171875,0.5520943999290466,0.9720376133918762,5.098722457885742,1.9638093709945679,0.02679368294775486,0.2654857337474823,0.013760154135525227,0.8903066515922546,0.2662952244281769,0.039860211312770844,0.7143409848213196,0.2290419191122055,130.02674454363932,0.4120545493203324,0.4388482322680873
