loss,V3,V6,V9,V10,V11,V12,V15,V18,pred_detector_active_contact_fraction,pred_detector_active_forward_fraction,pred_detector_contact_angle_theta_mean_deg,pred_detector_contact_angle_theta_sigma_deg,pred_derived_vz_sigma_residual,unc_detector_active_contact_fraction,unc_detector_active_forward_fraction,unc_detector_contact_angle_theta_mean_deg,unc_detector_contact_angle_theta_sigma_deg,unc_derived_vz_sigma_residual,pred_viability_prob,unc_viability_prob,derived_vz_mean,derived_vz_sigma_physics,derived_vz_sigma_corrected
0.018593087792396545,-988.09033203125,-992.5158081054688,954.99365234375,-80.83184814453125,-185.18341064453125,-955.818359375,-194.93719482421875,46.779052734375,0.997471809387207,1.0041629076004028,2.2274818420410156,2.483135223388672,0.6114540696144104,0.010410920716822147,0.007839351892471313,0.01755869761109352,0.1515217423439026,0.0779791846871376,0.8433583378791809,0.10531115531921387,130.39878320075906,0.2798449656084334,0.8912990352228438
0.019283607602119446,-989.7840576171875,-999.99755859375,916.0191650390625,-53.45977783203125,-167.224853515625,-910.3395385742188,-155.27880859375,50.100830078125,0.9983516335487366,1.001639485359192,2.222407579421997,2.491295099258423,0.626821756362915,0.030806997790932655,0.006742699537426233,0.06037019193172455,0.1480221450328827,0.07758006453514099,0.8462983965873718,0.09259127080440521,130.3984257161156,0.28072316339106373,0.9075449197539788
0.020951557904481888,-993.5590209960938,-999.9989013671875,888.5703125,-37.4144287109375,-148.752685546875,-875.6343383789062,-156.28179931640625,15.55560302734375,0.9964609146118164,1.0013912916183472,2.230225086212158,2.468123197555542,0.6201758980751038,0.040851447731256485,0.007714558858424425,0.05880257114768028,0.16890504956245422,0.07738024741411209,0.8581218719482422,0.08015438914299011,130.40001644089867,0.27772503422378303,0.8979009322988868
0.021570073440670967,-993.9417724609375,-999.9989624023438,883.020263671875,-34.1561279296875,-144.538818359375,-868.7676391601562,-157.871826171875,6.21258544921875,0.9957196116447449,1.0014408826828003,2.2331511974334717,2.458918333053589,0.6175512671470642,0.042384073138237,0.008223834447562695,0.05782683566212654,0.17134615778923035,0.07743439823389053,0.8620186448097229,0.07768100500106812,130.40065767274004,0.2765252462801231,0.8940765134271873
