loss,V3,V6,V9,V10,V11,V12,V15,V18,pred_detector_active_contact_fraction,pred_detector_active_forward_fraction,pred_detector_contact_angle_theta_mean_deg,pred_detector_contact_angle_theta_sigma_deg,pred_derived_vz_sigma_residual,unc_detector_active_contact_fraction,unc_detector_active_forward_fraction,unc_detector_contact_angle_theta_mean_deg,unc_detector_contact_angle_theta_sigma_deg,unc_derived_vz_sigma_residual,pred_viability_prob,unc_viability_prob,derived_vz_mean,derived_vz_sigma_physics,derived_vz_sigma_corrected
0.0349159762263298,-917.7881469726562,-846.5108032226562,573.822265625,-20.451416015625,-97.35772705078125,-706.705810546875,44.581298828125,-358.29058837890625,0.5025685429573059,0.9465043544769287,3.238194704055786,1.5990996360778809,0.1139577329158783,0.0017553417710587382,0.013942423276603222,0.0011176966363564134,0.0033212071284651756,0.06105278804898262,0.6518823504447937,0.1713075190782547,130.36066135642582,0.21800950527104254,0.33196723818692087
0.0361064076423645,-783.9852905273438,-978.2518920898438,980.8231201171875,8.62823486328125,-123.0654296875,-750.2994995117188,41.60986328125,-443.34423828125,0.5026016235351562,0.9621574282646179,3.2822160720825195,1.5274481773376465,0.14512968063354492,0.060811981558799744,0.0012969821691513062,0.23275355994701385,0.2040328085422516,0.04582836478948593,0.9293332099914551,0.10634270310401917,130.35940402282537,0.20979036452817149,0.3549200451617164
0.03628190979361534,-798.409423828125,-965.1151733398438,965.3045654296875,8.1531982421875,-117.8306884765625,-745.6864013671875,97.6180419921875,-421.78704833984375,0.5025830864906311,0.9605968594551086,3.2776899337768555,1.5333400964736938,0.15013939142227173,0.07182157039642334,0.0027911881916224957,0.21139869093894958,0.19189545512199402,0.04256709665060043,0.925914466381073,0.10978057235479355,130.35963611857048,0.2104167774197425,0.36055616884201425
0.036288537085056305,-799.6080322265625,-969.666259765625,976.1463623046875,7.93084716796875,-118.1024169921875,-748.8158569335938,105.8289794921875,-422.45941162109375,0.502538800239563,0.960810661315918,3.27707839012146,1.5333760976791382,0.1524590700864792,0.07984307408332825,0.004390530288219452,0.2065495103597641,0.18680322170257568,0.03945456072688103,0.9258911609649658,0.11084823310375214,130.35971360235527,0.21038685691435055,0.36284592700082974
