loss,V3,V6,V9,V10,V11,V12,V15,V18,pred_detector_active_contact_fraction,pred_detector_active_forward_fraction,pred_detector_contact_angle_theta_mean_deg,pred_detector_contact_angle_theta_sigma_deg,pred_derived_vz_sigma_residual,unc_detector_active_contact_fraction,unc_detector_active_forward_fraction,unc_detector_contact_angle_theta_mean_deg,unc_detector_contact_angle_theta_sigma_deg,unc_derived_vz_sigma_residual,pred_viability_prob,unc_viability_prob,derived_vz_mean,derived_vz_sigma_physics,derived_vz_sigma_corrected
0.6365785598754883,-846.4052124023438,-968.2538452148438,-33.11517333984375,39.7515869140625,-10.9298095703125,-872.5811157226562,-696.9195556640625,-931.3447875976562,0.8950199484825134,1.008724570274353,5.118989944458008,2.062492609024048,0.21517236530780792,0.09645603597164154,0.03642876073718071,0.0031017253641039133,0.5661531686782837,0.09128528088331223,0.9314637780189514,0.10401348769664764,130.0147642156757,0.43585475561848674,0.6510271209262947
0.6395376920700073,-918.8641967773438,-905.8805541992188,-150.6466064453125,28.846923828125,-20.63104248046875,-893.0433349609375,-614.7315673828125,-948.4105224609375,0.896770179271698,1.0035251379013062,5.146814346313477,2.0890533924102783,0.25520554184913635,0.122748963534832,0.03084273636341095,0.0011101490817964077,0.5886257886886597,0.12077551335096359,0.8046898245811462,0.309259831905365,130.0069093475524,0.444098717013453,0.6993042588625893
0.6509528756141663,-789.781005859375,-999.9859008789062,286.10498046875,47.5794677734375,21.56317138671875,-832.2744140625,-840.2877197265625,-863.0149536132812,0.8851402401924133,1.0123372077941895,5.088367938995361,2.0502400398254395,0.1403486579656601,0.07633856683969498,0.030206024646759033,0.08931373804807663,0.5502275228500366,0.09993281215429306,0.9806918501853943,0.026677345857024193,130.021968336286,0.4306861852371489,0.571034843202809
0.6603456139564514,-795.9847412109375,-999.6296997070312,406.885986328125,46.6080322265625,31.65673828125,-825.0531005859375,-845.5825805664062,-824.824462890625,0.8861856460571289,1.0128182172775269,5.11032247543335,2.086869239807129,0.13565610349178314,0.09317976981401443,0.02262643538415432,0.10325347632169724,0.5262231826782227,0.10965884476900101,0.981611430644989,0.024433748796582222,130.01452165748256,0.44070287246143125,0.5763589759532144
