loss,V3,V6,V9,V10,V11,V12,V15,V18,pred_detector_active_contact_fraction,pred_detector_active_forward_fraction,pred_detector_contact_angle_theta_mean_deg,pred_detector_contact_angle_theta_sigma_deg,pred_derived_vz_sigma_residual,unc_detector_active_contact_fraction,unc_detector_active_forward_fraction,unc_detector_contact_angle_theta_mean_deg,unc_detector_contact_angle_theta_sigma_deg,unc_derived_vz_sigma_residual,pred_viability_prob,unc_viability_prob,derived_vz_mean,derived_vz_sigma_physics,derived_vz_sigma_corrected
0.012136200442910194,-983.1410522460938,-999.9967041015625,959.8948974609375,17.7520751953125,-67.84490966796875,-716.3963012695312,-89.17529296875,-403.01788330078125,0.9854276776313782,0.9950109124183655,2.718587875366211,2.438774824142456,0.5812534689903259,0.02724665403366089,0.003286126535385847,0.004663943778723478,0.05542182922363281,0.022283367812633514,0.9858746528625488,0.00209168647415936,130.35485376350593,0.31193288138094455,0.8931863503712705
0.01225742232054472,-982.3494262695312,-999.9959716796875,954.8134765625,12.7620849609375,-71.4139404296875,-726.4212036132812,-104.21881103515625,-401.5386962890625,0.9879465699195862,0.9952113032341003,2.701282501220703,2.435004472732544,0.5784414410591125,0.024988071992993355,0.003139182459563017,0.005740349646657705,0.06678435206413269,0.02571830525994301,0.9850541949272156,0.0016892069252207875,130.3570821908141,0.30990223454390864,0.8883436756030212
0.012599783949553967,-981.0949096679688,-999.99560546875,937.5841064453125,13.55816650390625,-69.39666748046875,-723.42529296875,-88.8900146484375,-408.5443115234375,0.988017737865448,0.9947301745414734,2.701955795288086,2.4354493618011475,0.5725663900375366,0.020520169287919998,0.003390832804143429,0.018229225650429726,0.07365294545888901,0.027062563225626945,0.9862902164459229,0.0017484675627201796,130.35696688617304,0.31002996745065925,0.8825963574881959
0.012650659307837486,-980.6460571289062,-999.9955444335938,932.953857421875,14.322509765625,-68.2413330078125,-720.8153686523438,-77.3883056640625,-411.4141845703125,0.987988293170929,0.9944629073143005,2.7035529613494873,2.4342329502105713,0.568894624710083,0.019666751846671104,0.003481267485767603,0.021306028589606285,0.07409778982400894,0.026420176029205322,0.9866633415222168,0.0018669937271624804,130.35691295408031,0.3099608731275255,0.8788554978376085
