loss,V3,V6,V9,V10,V11,V12,V15,V18,pred_detector_active_contact_fraction,pred_detector_active_forward_fraction,pred_detector_contact_angle_theta_mean_deg,pred_detector_contact_angle_theta_sigma_deg,pred_derived_vz_sigma_residual,unc_detector_active_contact_fraction,unc_detector_active_forward_fraction,unc_detector_contact_angle_theta_mean_deg,unc_detector_contact_angle_theta_sigma_deg,unc_derived_vz_sigma_residual,pred_viability_prob,unc_viability_prob,derived_vz_mean,derived_vz_sigma_physics,derived_vz_sigma_corrected
0.009703096002340317,-903.6485595703125,-770.8245849609375,433.0465087890625,57.731689453125,-77.119384765625,-771.2503662109375,-74.964599609375,-500.2107849121094,0.7051030993461609,0.9942088723182678,5.418962478637695,2.9914987087249756,0.5292564034461975,0.021179409697651863,0.015610660426318645,0.000192981242435053,0.10037678480148315,0.03742292895913124,0.9809942245483398,0.015604863874614239,129.859107117087,0.690169709680695,1.2194261131268926
0.011734820902347565,-867.4437255859375,-999.9783935546875,862.5262451171875,-51.82958984375,-116.51300048828125,-743.6683349609375,129.990234375,-652.8583374023438,0.7039613723754883,1.0009578466415405,5.415390491485596,2.9896442890167236,0.3135024607181549,0.04081026092171669,0.025871826335787773,0.0008557219989597797,0.018784482032060623,0.0702771320939064,0.9256204962730408,0.05804985761642456,129.86009422396904,0.6892936618415574,1.0027961225597122
0.011762425303459167,-867.782470703125,-999.9804077148438,863.1549072265625,-52.41180419921875,-117.36566162109375,-745.3353881835938,127.564697265625,-654.1394653320312,0.7043461799621582,1.000839114189148,5.409148693084717,2.9887590408325195,0.3150620460510254,0.04027443751692772,0.025994881987571716,0.000634329451713711,0.019228700548410416,0.06993743777275085,0.9249119758605957,0.058584701269865036,129.86153924600512,0.6883765254949428,1.0034385715459682
0.012033586390316486,-876.30615234375,-999.978271484375,884.66943359375,-54.941650390625,-120.6817626953125,-747.0504760742188,96.5355224609375,-678.4835205078125,0.7038878798484802,0.999443531036377,5.409168243408203,2.989434003829956,0.33385634422302246,0.0304493997246027,0.026838326826691628,0.015618071891367435,0.02170424722135067,0.062085334211587906,0.918698251247406,0.06444142758846283,129.8614552406508,0.6885542010958388,1.0224105453188612
