loss,V3,V6,V9,V10,V11,V12,V15,V18,pred_detector_active_contact_fraction,pred_detector_active_forward_fraction,pred_detector_contact_angle_theta_mean_deg,pred_detector_contact_angle_theta_sigma_deg,pred_derived_vz_sigma_residual,unc_detector_active_contact_fraction,unc_detector_active_forward_fraction,unc_detector_contact_angle_theta_mean_deg,unc_detector_contact_angle_theta_sigma_deg,unc_derived_vz_sigma_residual,pred_viability_prob,unc_viability_prob,derived_vz_mean,derived_vz_sigma_physics,derived_vz_sigma_corrected
0.24668875336647034,-782.9414672851562,-769.4419555664062,706.8629150390625,-33.05181884765625,-127.99127197265625,-829.9779052734375,-774.6741333007812,199.01171875,0.5550153851509094,0.9618523716926575,5.959112644195557,2.4528615474700928,-0.047107994556427,0.08925900608301163,0.12198314070701599,1.6115686893463135,1.0033323764801025,0.4073803722858429,0.669356644153595,0.21496473252773285,129.7951654030464,0.6039114404960317,0.5568034459396047
0.258174329996109,-673.346923828125,-902.9492797851562,630.5718994140625,-38.93450927734375,-125.0001220703125,-856.5726318359375,-966.6275024414062,21.284912109375,0.5536333918571472,0.9926803112030029,5.9369049072265625,2.5132973194122314,-0.07115397602319717,0.1351790428161621,0.13045300543308258,1.5099040269851685,0.7229493260383606,0.3948754370212555,0.7603053450584412,0.32616084814071655,129.794473554114,0.6178460615939432,0.546692085570746
0.2599799335002899,-862.4661865234375,-653.566650390625,945.4676513671875,63.6207275390625,2.60614013671875,-651.4708862304688,229.8424072265625,-602.4132080078125,0.5526307225227356,0.9506756663322449,5.7987494468688965,2.5674045085906982,0.09178575128316879,0.06477479636669159,0.04321587085723877,0.33804044127464294,0.4398268461227417,0.12125067412853241,0.9029058814048767,0.16422773897647858,129.82120643906512,0.6188526823449231,0.7106384336280919
0.26133301854133606,-838.552001953125,-684.2271728515625,931.1192626953125,69.6546630859375,-5.32965087890625,-659.725830078125,173.0438232421875,-680.20703125,0.5530186891555786,0.9564480185508728,5.795565128326416,2.5730388164520264,0.10154777765274048,0.058655377477407455,0.04072770103812218,0.351778507232666,0.443670392036438,0.12293549627065659,0.9157833456993103,0.14393526315689087,129.8213662764805,0.6200199880690928,0.7215677657218332
