loss,V3,V6,V9,V10,V11,V12,V15,V18,pred_detector_active_contact_fraction,pred_detector_active_forward_fraction,pred_detector_contact_angle_theta_mean_deg,pred_detector_contact_angle_theta_sigma_deg,pred_derived_vz_sigma_residual,unc_detector_active_contact_fraction,unc_detector_active_forward_fraction,unc_detector_contact_angle_theta_mean_deg,unc_detector_contact_angle_theta_sigma_deg,unc_derived_vz_sigma_residual,pred_viability_prob,unc_viability_prob,derived_vz_mean,derived_vz_sigma_physics,derived_vz_sigma_corrected
0.23177260160446167,-594.2708129882812,-759.1853637695312,616.2000732421875,-80.3638916015625,-89.0428466796875,-899.7393188476562,-552.4492797851562,181.9803466796875,0.7467803955078125,0.9935651421546936,5.960999011993408,2.929814338684082,0.11653569340705872,0.04205947369337082,0.0023452979512512684,0.3563605844974518,0.16279765963554382,0.04125925526022911,0.9624719619750977,0.05242934077978134,129.74397693599687,0.7331023375326307,0.8496380309396894
0.23352566361427307,-662.18701171875,-728.8452758789062,756.80322265625,-59.15899658203125,-93.6185302734375,-847.0786743164062,-544.0505981445312,420.193603515625,0.7485434412956238,0.9674795269966125,5.995449066162109,2.919712781906128,0.11839709430932999,0.11194026470184326,0.007323876954615116,0.5400754809379578,0.26782718300819397,0.02476223185658455,0.9361953735351562,0.06012386083602905,129.73697551155945,0.7340660312047985,0.8524631255141285
0.23647867143154144,-528.2454223632812,-816.1981811523438,497.2353515625,-83.2242431640625,-84.0911865234375,-925.0757446289062,-514.5256958007812,51.945068359375,0.7474234700202942,1.009202003479004,5.951814651489258,2.964656114578247,0.12769362330436707,0.04868515953421593,0.0033600609749555588,0.12014937400817871,0.0020784230437129736,0.05409884452819824,0.9623252749443054,0.05573074147105217,129.74208844938084,0.7417327643282705,0.8694263876326376
0.2372620403766632,-702.430419921875,-689.8126220703125,695.810791015625,-68.27459716796875,-102.0003662109375,-866.04248046875,-544.8937377929688,411.1732177734375,0.7486113905906677,0.9729264378547668,5.987013339996338,2.935938596725464,0.1294887214899063,0.09726487100124359,0.004721411969512701,0.488705575466156,0.22904375195503235,0.029101554304361343,0.9221135973930359,0.05756598338484764,129.73710272869536,0.7376439178823281,0.8671326393722344
