loss,V3,V6,V9,V10,V11,V12,V15,V18,pred_detector_active_contact_fraction,pred_detector_active_forward_fraction,pred_detector_contact_angle_theta_mean_deg,pred_detector_contact_angle_theta_sigma_deg,pred_derived_vz_sigma_residual,unc_detector_active_contact_fraction,unc_detector_active_forward_fraction,unc_detector_contact_angle_theta_mean_deg,unc_detector_contact_angle_theta_sigma_deg,unc_derived_vz_sigma_residual,pred_viability_prob,unc_viability_prob,derived_vz_mean,derived_vz_sigma_physics,derived_vz_sigma_corrected
0.048271019011735916,-860.3091430664062,-906.4862670898438,606.9801025390625,90.322509765625,-4.6337890625,-554.95068359375,557.4747314453125,-420.11871337890625,0.6996895670890808,0.9821123480796814,2.711888551712036,2.3910605907440186,0.018258607015013695,0.07417434453964233,0.015877358615398407,0.7176378965377808,0.10444492846727371,0.05700695887207985,0.9746274352073669,0.015757830813527107,130.36015215104698,0.3035980979950589,0.3218567050100726
0.05364851653575897,-949.8993530273438,-999.8565063476562,194.7415771484375,91.3040771484375,-4.2479248046875,-608.8746337890625,-448.51153564453125,-191.3475341796875,0.7013177871704102,0.9709241986274719,2.7187087535858154,2.3786938190460205,0.4008839428424835,0.15022514760494232,0.03397956117987633,0.3275296092033386,0.30622464418411255,0.18432578444480896,0.9905881881713867,0.011932251043617725,130.36058739176863,0.3021419278680715,0.703025870710555
0.057416122406721115,-947.8644409179688,-997.2099609375,287.39404296875,79.8310546875,-13.25006103515625,-625.267333984375,-428.50048828125,-161.51483154296875,0.7020411491394043,0.9789569973945618,2.7559289932250977,2.3698158264160156,0.3828538656234741,0.14316779375076294,0.0315382145345211,0.3787781894207001,0.34108176827430725,0.1472063511610031,0.9928433895111084,0.008142871782183647,130.3573755732414,0.30369129240868165,0.6865451580321558
0.06021778658032417,-977.272216796875,-903.256103515625,985.427490234375,-39.0833740234375,-205.2127685546875,-904.734619140625,-77.419189453125,-185.9349365234375,0.712128221988678,0.9888687133789062,2.9113996028900146,2.4810683727264404,0.629708468914032,0.021834177896380424,0.009787092916667461,0.294704407453537,0.15719421207904816,0.06832250952720642,0.9115696549415588,0.03351272642612457,130.3291554477411,0.3350253120026349,0.964733780916667
