loss,V3,V6,V9,V10,V11,V12,V15,V18,pred_detector_active_contact_fraction,pred_detector_active_forward_fraction,pred_detector_contact_angle_theta_mean_deg,pred_detector_contact_angle_theta_sigma_deg,pred_derived_vz_sigma_residual,unc_detector_active_contact_fraction,unc_detector_active_forward_fraction,unc_detector_contact_angle_theta_mean_deg,unc_detector_contact_angle_theta_sigma_deg,unc_derived_vz_sigma_residual,pred_viability_prob,unc_viability_prob,derived_vz_mean,derived_vz_sigma_physics,derived_vz_sigma_corrected
0.35905835032463074,-751.2645263671875,-798.310791015625,728.4735107421875,-33.63214111328125,-114.76458740234375,-831.5361328125,-737.177490234375,169.3585205078125,0.6535387635231018,0.971167266368866,5.847251892089844,2.3806040287017822,-0.09709648042917252,0.09524756669998169,0.10766027867794037,1.5114736557006836,0.898496150970459,0.38062095642089844,0.7843246459960938,0.18452933430671692,129.828275007564,0.574710335571487,0.47761385514231447
0.36285483837127686,-690.813720703125,-782.2859497070312,692.1649169921875,-12.89544677734375,-88.0631103515625,-793.5245361328125,-642.544921875,136.6229248046875,0.6529237031936646,0.9619026184082031,5.830113887786865,2.3893420696258545,-0.0900559350848198,0.09806297719478607,0.09910274296998978,1.4014393091201782,0.8670559525489807,0.3261699974536896,0.7604694366455078,0.12280173599720001,129.83142192365256,0.5754227443743652,0.48536680928954545
0.3637367784976959,-675.3998413085938,-808.4928588867188,683.6805419921875,-16.13165283203125,-91.758056640625,-797.5575561523438,-678.2403564453125,135.11962890625,0.652818500995636,0.966278076171875,5.8352789878845215,2.39096736907959,-0.09775182604789734,0.10614418983459473,0.10430718213319778,1.4696086645126343,0.8601043224334717,0.333140105009079,0.7654988765716553,0.14724811911582947,129.83007269260818,0.5763124615592694,0.47856063551137207
0.40399986505508423,-877.2299194335938,-676.4310302734375,940.3326416015625,47.7298583984375,11.4229736328125,-663.685791015625,254.828369140625,-669.0455322265625,0.6495081782341003,0.9578626155853271,5.646894454956055,2.463582992553711,0.03340459242463112,0.05567130073904991,0.04341660439968109,0.43047553300857544,0.4643586575984955,0.13299015164375305,0.9062613844871521,0.16031916439533234,129.86602365949994,0.5776365132953467,0.6110411057199778
