loss,V3,V6,V9,V10,V11,V12,V15,V18,pred_detector_active_contact_fraction,pred_detector_active_forward_fraction,pred_detector_contact_angle_theta_mean_deg,pred_detector_contact_angle_theta_sigma_deg,pred_derived_vz_sigma_residual,unc_detector_active_contact_fraction,unc_detector_active_forward_fraction,unc_detector_contact_angle_theta_mean_deg,unc_detector_contact_angle_theta_sigma_deg,unc_derived_vz_sigma_residual,pred_viability_prob,unc_viability_prob,derived_vz_mean,derived_vz_sigma_physics,derived_vz_sigma_corrected
0.012437318451702595,-973.6802368164062,-908.992919921875,661.4713134765625,29.721923828125,-99.4423828125,-710.724365234375,92.023193359375,-162.90948486328125,0.6196183562278748,0.9813284873962402,3.2837135791778564,2.540966272354126,0.5612890124320984,0.009161221794784069,0.005077450070530176,0.10616987198591232,0.00047249344061128795,0.019605273380875587,0.9142109751701355,0.0194228645414114,130.2773645977746,0.3777670395174448,0.9390560519495432
0.013159203343093395,-882.4081420898438,-999.9710693359375,847.04052734375,16.31463623046875,-135.73065185546875,-767.3637084960938,-3.20330810546875,-171.60504150390625,0.6200768351554871,0.9913048148155212,3.2734200954437256,2.560378074645996,0.5617730021476746,0.019156234338879585,0.0022285711020231247,0.1318310797214508,0.0064822300337255,0.02059241384267807,0.9496631026268005,0.021989870816469193,130.2767404220822,0.38040323197177583,0.9421762341194504
0.01322944462299347,-879.9265747070312,-999.9666137695312,873.400146484375,11.1334228515625,-142.65570068359375,-777.992431640625,6.5460205078125,-159.6627197265625,0.6202137470245361,0.9918489456176758,3.2751855850219727,2.560608386993408,0.5580981373786926,0.019880080595612526,0.0034807086922228336,0.10593364387750626,0.0261192936450243,0.020605966448783875,0.9458994269371033,0.023801682516932487,130.27648736330724,0.3806022658580303,0.938700403236723
0.013232260942459106,-881.958984375,-999.9712524414062,854.012939453125,15.48919677734375,-137.06072998046875,-769.1383056640625,0.452880859375,-168.91754150390625,0.6201263070106506,0.9914454817771912,3.274151086807251,2.560347318649292,0.5611688494682312,0.019430294632911682,0.002485143020749092,0.1257670819759369,0.012569013051688671,0.0206063911318779,0.9488903880119324,0.022343028336763382,130.27664847416028,0.38046255130216644,0.9416314007703976
