loss,V3,V6,V9,V10,V11,V12,V15,V18,pred_detector_active_contact_fraction,pred_detector_active_forward_fraction,pred_detector_contact_angle_theta_mean_deg,pred_detector_contact_angle_theta_sigma_deg,pred_derived_vz_sigma_residual,unc_detector_active_contact_fraction,unc_detector_active_forward_fraction,unc_detector_contact_angle_theta_mean_deg,unc_detector_contact_angle_theta_sigma_deg,unc_derived_vz_sigma_residual,pred_viability_prob,unc_viability_prob,derived_vz_mean,derived_vz_sigma_physics,derived_vz_sigma_corrected
0.021585332229733467,-951.82177734375,-889.9208984375,548.23095703125,23.81573486328125,-71.026123046875,-703.0233154296875,-189.719970703125,-196.7576904296875,0.7608082890510559,1.0005277395248413,2.766993761062622,1.891524314880371,0.31599512696266174,0.016627345234155655,0.0016576615162193775,0.10435320436954498,0.03769683092832565,0.039103396236896515,0.9629883766174316,0.02282545156776905,130.3966340671768,0.2310533246025805,0.5470484515652423
0.022496258839964867,-950.0443115234375,-887.939208984375,563.8758544921875,18.91448974609375,-77.4752197265625,-712.8493041992188,-189.64154052734375,-192.73974609375,0.7611213326454163,1.0009804964065552,2.785472869873047,1.884543776512146,0.3199629485607147,0.00966495368629694,0.002150424988940358,0.10150346904993057,0.00964390579611063,0.04016992822289467,0.9590649008750916,0.023630820214748383,130.39511819972495,0.23128766058896666,0.5512506091496814
0.023324139416217804,-939.0723876953125,-907.4222412109375,517.183837890625,30.24462890625,-64.360595703125,-694.2459716796875,-221.83404541015625,-193.76788330078125,0.760498583316803,1.0005868673324585,2.7416388988494873,1.8959752321243286,0.2861633002758026,0.03464139997959137,0.0014231560053303838,0.16195832192897797,0.09142027050256729,0.040924180299043655,0.9716701507568359,0.01937001571059227,130.39907535723236,0.22998338468408805,0.5161466849598907
0.024419957771897316,-912.6943969726562,-970.0440673828125,173.8133544921875,57.517333984375,-46.1002197265625,-677.0885009765625,-393.25146484375,-82.218994140625,0.7597244381904602,0.9793211817741394,2.6914570331573486,1.9100641012191772,0.1459885686635971,0.057210132479667664,0.024140534922480583,0.19146114587783813,0.05419208109378815,0.1052713394165039,0.9485106468200684,0.0551191046833992,130.40342943103536,0.22861543756035452,0.3746040062239516
