loss,V3,V6,V9,V10,V11,V12,V15,V18,pred_detector_active_contact_fraction,pred_detector_active_forward_fraction,pred_detector_contact_angle_theta_mean_deg,pred_detector_contact_angle_theta_sigma_deg,pred_derived_vz_sigma_residual,unc_detector_active_contact_fraction,unc_detector_active_forward_fraction,unc_detector_contact_angle_theta_mean_deg,unc_detector_contact_angle_theta_sigma_deg,unc_derived_vz_sigma_residual,pred_viability_prob,unc_viability_prob,derived_vz_mean,derived_vz_sigma_physics,derived_vz_sigma_corrected
0.029608169570565224,-781.5628662109375,-913.84521484375,711.643310546875,-35.80859375,-70.53082275390625,-785.53369140625,-353.76715087890625,190.132080078125,0.8568101525306702,0.9716266989707947,3.10684871673584,1.2437747716903687,-0.12969546020030975,0.07519266754388809,0.014315537177026272,0.02060098946094513,0.07232338190078735,0.022129032760858536,0.9270246028900146,0.07263614982366562,130.39728704356088,0.15966811992084962,0.029972659720539863
0.0296460073441267,-779.266357421875,-911.963134765625,702.969970703125,-32.57879638671875,-67.166259765625,-782.3002319335938,-350.28216552734375,175.883056640625,0.8567955493927002,0.9719511866569519,3.1076037883758545,1.241308331489563,-0.13139913976192474,0.07225202769041061,0.014239887706935406,0.03237588331103325,0.07973191887140274,0.023284267634153366,0.9262340664863586,0.07308003306388855,130.39731549088532,0.15936408490264806,0.027964945140723313
0.02980257011950016,-775.2156372070312,-924.5617065429688,721.4373779296875,-24.82928466796875,-60.16387939453125,-768.5850830078125,-363.61639404296875,172.2991943359375,0.8565125465393066,0.9715714454650879,3.1025257110595703,1.2451199293136597,-0.12238764762878418,0.07228005677461624,0.01383099053055048,0.029437988996505737,0.06832180917263031,0.01328400056809187,0.927523672580719,0.0752856433391571,130.3977541966747,0.15964786755567725,0.03726021992689307
0.03012627176940441,-770.4065551757812,-925.4075927734375,716.623046875,-21.58856201171875,-56.291259765625,-764.2735595703125,-356.551025390625,136.5599365234375,0.8566246032714844,0.9728289246559143,3.0995216369628906,1.2433263063430786,-0.12238200753927231,0.06565651297569275,0.012819803319871426,0.051264990121126175,0.07869384437799454,0.01345623005181551,0.9281981587409973,0.07468574494123459,130.39821323732133,0.15925821385706945,0.036876206317797144
