loss,V3,V6,V9,V10,V11,V12,V15,V18,pred_detector_active_contact_fraction,pred_detector_active_forward_fraction,pred_detector_contact_angle_theta_mean_deg,pred_detector_contact_angle_theta_sigma_deg,pred_derived_vz_sigma_residual,unc_detector_active_contact_fraction,unc_detector_active_forward_fraction,unc_detector_contact_angle_theta_mean_deg,unc_detector_contact_angle_theta_sigma_deg,unc_derived_vz_sigma_residual,pred_viability_prob,unc_viability_prob,derived_vz_mean,derived_vz_sigma_physics,derived_vz_sigma_corrected
0.13562995195388794,-516.1358642578125,-846.20556640625,550.4788818359375,-55.2752685546875,-75.7098388671875,-809.498291015625,-557.752197265625,88.1204833984375,0.5585151314735413,0.9546219706535339,4.855350971221924,2.166442632675171,0.02670537866652012,0.05438964068889618,0.003080378519371152,0.1756821721792221,0.00027667428366839886,0.027878660708665848,0.9334341883659363,0.056939877569675446,130.05827124497048,0.43793991911147434,0.46464529777799446
0.1357562094926834,-521.4840087890625,-823.2396850585938,496.251220703125,-38.4383544921875,-58.03424072265625,-793.2398681640625,-551.259521484375,75.350830078125,0.5580875873565674,0.9505869746208191,4.857248306274414,2.1606032848358154,0.02238728664815426,0.05001296103000641,0.006132091861218214,0.2083173543214798,0.0003489266673568636,0.028519436717033386,0.912613570690155,0.057758629322052,130.05840584358154,0.43681005525921895,0.4591973419073732
0.13599582016468048,-556.5926513671875,-780.1393432617188,509.171630859375,-54.99578857421875,-77.72393798828125,-811.6488037109375,-549.9344482421875,84.142333984375,0.558732807636261,0.9511163830757141,4.85478401184082,2.1631643772125244,0.02318449877202511,0.041802965104579926,0.004917661659419537,0.19262269139289856,0.00026684897602535784,0.028192531317472458,0.9007211327552795,0.04207503795623779,130.05866172119676,0.4371722510705734,0.4603567498425985
0.13680951297283173,-540.1844482421875,-805.3372802734375,546.7894287109375,-71.5196533203125,-97.25811767578125,-833.2620239257812,-538.038330078125,109.656494140625,0.5590211749076843,0.954716682434082,4.860381603240967,2.174971103668213,0.024602646008133888,0.054354820400476456,0.0015174525324255228,0.16666965186595917,0.00023921146930661052,0.0280037522315979,0.9196376800537109,0.04457446560263634,130.05656729814294,0.4402307895051292,0.4648334355132631
