loss,V3,V6,V9,V10,V11,V12,V15,V18,pred_detector_active_contact_fraction,pred_detector_active_forward_fraction,pred_detector_contact_angle_theta_mean_deg,pred_detector_contact_angle_theta_sigma_deg,pred_derived_vz_sigma_residual,unc_detector_active_contact_fraction,unc_detector_active_forward_fraction,unc_detector_contact_angle_theta_mean_deg,unc_detector_contact_angle_theta_sigma_deg,unc_derived_vz_sigma_residual,pred_viability_prob,unc_viability_prob,derived_vz_mean,derived_vz_sigma_physics,derived_vz_sigma_corrected
0.19185082614421844,-918.637451171875,-979.2755737304688,911.091064453125,259.410888671875,60.1500244140625,-368.5157470703125,312.2486572265625,-238.91802978515625,0.507613480091095,0.9811413884162903,4.9568772315979,1.8660002946853638,0.14739835262298584,0.0044644600711762905,0.04159974679350853,0.6437085270881653,0.11585594713687897,0.09094052016735077,0.838885486125946,0.12251320481300354,130.0624881670542,0.3801071276442807,0.5275054802672665
0.20403346419334412,-716.3433837890625,-744.2470703125,865.6165771484375,-5.697021484375,-132.43927001953125,-722.9580688476562,22.07745361328125,159.9991455078125,0.5091665387153625,0.9918778538703918,4.683722972869873,1.8316068649291992,0.08379914611577988,0.06603141874074936,0.011047782376408577,0.09777674078941345,0.1656012237071991,0.0306891817599535,0.438554048538208,0.2033456265926361,130.11730865907364,0.3535192813984538,0.43731842751423367
0.2133522629737854,-692.46728515625,-819.9843139648438,949.6209716796875,-13.46240234375,-157.61383056640625,-768.9429931640625,295.5074462890625,162.0667724609375,0.5075154900550842,0.9997086524963379,4.71065092086792,1.8266867399215698,0.10878556966781616,0.03193093091249466,0.015411965548992157,0.537273108959198,0.32089105248451233,0.02756473794579506,0.4605835974216461,0.2076750099658966,130.1126408069084,0.3543828813257333,0.4631684509935495
0.21391744911670685,-691.4718627929688,-826.5992431640625,931.48291015625,-7.76129150390625,-156.89044189453125,-767.8289794921875,315.45263671875,162.1793212890625,0.5075079798698425,1.0016851425170898,4.728256702423096,1.833290457725525,0.11118622869253159,0.03498188778758049,0.013465250842273235,0.5562877655029297,0.3503456711769104,0.03313848748803139,0.4505586326122284,0.20074179768562317,130.10886119641148,0.35698551983940674,0.4681717485319383
