loss,V3,V6,V9,V10,V11,V12,V15,V18,pred_detector_active_contact_fraction,pred_detector_active_forward_fraction,pred_detector_contact_angle_theta_mean_deg,pred_detector_contact_angle_theta_sigma_deg,pred_derived_vz_sigma_residual,unc_detector_active_contact_fraction,unc_detector_active_forward_fraction,unc_detector_contact_angle_theta_mean_deg,unc_detector_contact_angle_theta_sigma_deg,unc_derived_vz_sigma_residual,pred_viability_prob,unc_viability_prob,derived_vz_mean,derived_vz_sigma_physics,derived_vz_sigma_corrected
0.13464295864105225,-948.0516967773438,-995.7510986328125,-3.4136962890625,-94.6710205078125,-194.21612548828125,-993.9921875,-72.81414794921875,-977.2144165039062,0.6970686912536621,0.9888911247253418,3.1543009281158447,2.447068452835083,0.6697641015052795,0.2486446350812912,0.026988308876752853,0.288579523563385,0.14879879355430603,0.0259905643761158,0.7645007967948914,0.29104775190353394,130.30320995635614,0.3497217542056368,1.0194858557109163
0.16936928033828735,-989.3487548828125,-999.9993286132812,919.5650634765625,-3.24761962890625,24.5623779296875,-813.764404296875,13.1898193359375,215.9346923828125,0.703439474105835,0.9539263844490051,3.2641735076904297,2.4555177688598633,0.6642840504646301,0.036993592977523804,0.00525592640042305,0.4015052318572998,0.19950483739376068,0.17823368310928345,0.5832228064537048,0.2566418945789337,130.28837813237226,0.3606187464555782,1.0249027969202082
0.19900387525558472,-975.9762573242188,-996.337890625,756.2889404296875,-58.54742431640625,-17.29107666015625,-934.0105590820312,41.715087890625,229.2376708984375,0.6998488306999207,0.9541179537773132,3.187953233718872,2.3268682956695557,0.5624179244041443,0.07492603361606598,0.009680235758423805,0.682178795337677,0.41418835520744324,0.23150359094142914,0.8246152997016907,0.2537023723125458,130.3103583633523,0.33162900659952826,0.8940469310036725
0.22897633910179138,-981.1292114257812,-999.9988403320312,746.1925048828125,46.4759521484375,-44.0897216796875,-596.8026123046875,-120.21478271484375,-156.6708984375,0.7022830843925476,1.0031417608261108,3.246096611022949,2.2196948528289795,0.5837250351905823,0.06512127816677094,0.026097090914845467,0.37786024808883667,0.4481983780860901,0.09992817044258118,0.41326114535331726,0.3101297914981842,130.3125967684252,0.31797593629711224,0.9017009714876945
