loss,V3,V6,V9,V10,V11,V12,V15,V18,pred_detector_active_contact_fraction,pred_detector_active_forward_fraction,pred_detector_contact_angle_theta_mean_deg,pred_detector_contact_angle_theta_sigma_deg,pred_derived_vz_sigma_residual,unc_detector_active_contact_fraction,unc_detector_active_forward_fraction,unc_detector_contact_angle_theta_mean_deg,unc_detector_contact_angle_theta_sigma_deg,unc_derived_vz_sigma_residual,pred_viability_prob,unc_viability_prob,derived_vz_mean,derived_vz_sigma_physics,derived_vz_sigma_corrected
0.010524759069085121,-947.5067749023438,-999.9812622070312,937.892333984375,45.16162109375,-124.546142578125,-747.7855834960938,-43.53515625,-254.11297607421875,0.5994216799736023,0.9887371063232422,3.5139176845550537,2.918586492538452,0.7860298752784729,0.02485695108771324,0.008624953217804432,0.043425850570201874,0.0015877956757321954,0.004333307035267353,0.9225247502326965,0.027618711814284325,130.2053899853415,0.47217541866675633,1.2582052939452293
0.010581365786492825,-947.8262939453125,-999.9790649414062,937.1363525390625,44.5238037109375,-124.8612060546875,-748.9092407226562,-43.66729736328125,-256.5919189453125,0.5996925234794617,0.9887843132019043,3.5151710510253906,2.9180145263671875,0.7853651642799377,0.025140078738331795,0.008666951209306717,0.04580596461892128,0.0006355238147079945,0.004472846165299416,0.9227588772773743,0.027551421895623207,130.20528125465464,0.47218441652109233,1.25754958080103
0.011427140794694424,-947.8074340820312,-999.9839477539062,924.1722412109375,41.610107421875,-126.38348388671875,-754.468505859375,-31.73773193359375,-278.44866943359375,0.5997256636619568,0.9889432787895203,3.53761887550354,2.910081624984741,0.7764057517051697,0.030028654262423515,0.008779367431998253,0.05406855419278145,0.0061510237865149975,0.009103198535740376,0.923069179058075,0.02894558385014534,130.2030544795048,0.4728125957406169,1.2492183474457865
0.01168549619615078,-945.3828125,-999.9839477539062,917.68017578125,43.0400390625,-125.80877685546875,-754.56787109375,-21.2899169921875,-272.4517822265625,0.5997959971427917,0.9888857007026672,3.540536642074585,2.9094955921173096,0.7744571566581726,0.03232855722308159,0.008528645150363445,0.04996900632977486,0.015596335753798485,0.011157345026731491,0.922532320022583,0.03019731119275093,130.2027120323138,0.47298441544856495,1.2474415721067376
