loss,V3,V6,V9,V10,V11,V12,V15,V18,pred_detector_active_contact_fraction,pred_detector_active_forward_fraction,pred_detector_contact_angle_theta_mean_deg,pred_detector_contact_angle_theta_sigma_deg,pred_derived_vz_sigma_residual,unc_detector_active_contact_fraction,unc_detector_active_forward_fraction,unc_detector_contact_angle_theta_mean_deg,unc_detector_contact_angle_theta_sigma_deg,unc_derived_vz_sigma_residual,pred_viability_prob,unc_viability_prob,derived_vz_mean,derived_vz_sigma_physics,derived_vz_sigma_corrected
0.04018548130989075,-959.8853149414062,-999.9931640625,981.5352783203125,-32.045654296875,-172.089599609375,-869.6070556640625,-134.05181884765625,-99.4736328125,0.7906082272529602,0.9941349029541016,2.718381643295288,2.9725935459136963,0.7678077220916748,0.030269775539636612,0.009763472713530064,0.0016848261002451181,0.04226034879684448,0.00424914201721549,0.9398460388183594,0.020206768065690994,130.2975360823544,0.40561541140914814,1.173423133500823
0.04133423790335655,-959.54931640625,-999.991943359375,980.0140380859375,-27.44635009765625,-167.7923583984375,-862.0855102539062,-121.8095703125,-107.7288818359375,0.7914023399353027,0.9934075474739075,2.7223269939422607,2.964308500289917,0.7701045870780945,0.030619926750659943,0.009658008813858032,0.0017084680730476975,0.03786517307162285,0.006125715561211109,0.9413175582885742,0.021496606990695,130.29808591869866,0.40443418027354705,1.1745387673516414
0.04169173911213875,-964.328857421875,-990.794921875,990.907958984375,-50.443115234375,-188.38055419921875,-899.4072265625,-183.56011962890625,-81.15380859375,0.790888249874115,0.99658203125,2.716984510421753,2.9780359268188477,0.753825843334198,0.03134279325604439,0.010583932511508465,0.02171573042869568,0.07307828962802887,0.009377776645123959,0.9346868395805359,0.015925634652376175,130.29704419469678,0.40650390498307487,1.160329748317273
0.04298742860555649,-958.2711181640625,-999.9915161132812,968.8072509765625,-25.9295654296875,-166.5528564453125,-860.5302734375,-112.48052978515625,-107.93212890625,0.791463315486908,0.9940692782402039,2.7339298725128174,2.962010622024536,0.7688328623771667,0.03149766847491264,0.010224179364740849,0.0008002099930308759,0.03429729491472244,0.007649709936231375,0.9433345794677734,0.022923655807971954,130.297098841068,0.4050859071651043,1.173918769542271
