loss,V3,V6,V9,V10,V11,V12,V15,V18,pred_detector_active_contact_fraction,pred_detector_active_forward_fraction,pred_detector_contact_angle_theta_mean_deg,pred_detector_contact_angle_theta_sigma_deg,pred_derived_vz_sigma_residual,unc_detector_active_contact_fraction,unc_detector_active_forward_fraction,unc_detector_contact_angle_theta_mean_deg,unc_detector_contact_angle_theta_sigma_deg,unc_derived_vz_sigma_residual,pred_viability_prob,unc_viability_prob,derived_vz_mean,derived_vz_sigma_physics,derived_vz_sigma_corrected
0.33998528122901917,-977.5112915039062,-809.6469116210938,158.88427734375,26.780029296875,-33.62457275390625,-883.5224609375,100.0894775390625,-191.04522705078125,0.9341745376586914,0.9943931102752686,5.0707831382751465,1.9518598318099976,-0.005975216627120972,0.07131385803222656,0.036507830023765564,0.41240301728248596,0.3619799017906189,0.08991828560829163,0.9394024014472961,0.052984558045864105,130.03331312662718,0.40729562699396465,0.4013204103668437
0.3415585160255432,-963.2493896484375,-814.2230834960938,173.265625,26.475830078125,-36.20001220703125,-883.8431396484375,94.1402587890625,-185.603515625,0.9339203834533691,0.9950242638587952,5.0588154792785645,1.9555240869522095,-0.008522704243659973,0.0700952410697937,0.03365813568234444,0.3490048944950104,0.3201472759246826,0.0831446573138237,0.9435830116271973,0.04887285828590393,130.03543679052405,0.40721806407874245,0.3986953598350825
0.4068393409252167,-996.8990478515625,-999.9981079101562,987.8597412109375,-61.40325927734375,-38.91619873046875,-705.953857421875,-377.35888671875,-884.8231811523438,0.9291806221008301,0.9999218583106995,4.892920970916748,1.9400335550308228,0.06451791524887085,0.15915068984031677,0.02163175866007805,0.8895132541656494,0.15958763659000397,0.14699409902095795,0.9889618754386902,0.009676767513155937,130.06941656431965,0.39148879625966754,0.4560067115085384
0.40914639830589294,-994.3890991210938,-999.9977416992188,978.975341796875,-60.932861328125,-39.21685791015625,-706.5245361328125,-374.51092529296875,-882.3814086914062,0.9288561940193176,0.9998335838317871,4.88756799697876,1.9434317350387573,0.062013063579797745,0.15634381771087646,0.021426431834697723,0.8708625435829163,0.14400248229503632,0.14375647902488708,0.9899004101753235,0.008851224556565285,130.07019483991607,0.3918269601479685,0.4538400237277662
