loss,V3,V6,V9,V10,V11,V12,V15,V18,pred_detector_active_contact_fraction,pred_detector_active_forward_fraction,pred_detector_contact_angle_theta_mean_deg,pred_detector_contact_angle_theta_sigma_deg,pred_derived_vz_sigma_residual,unc_detector_active_contact_fraction,unc_detector_active_forward_fraction,unc_detector_contact_angle_theta_mean_deg,unc_detector_contact_angle_theta_sigma_deg,unc_derived_vz_sigma_residual,pred_viability_prob,unc_viability_prob,derived_vz_mean,derived_vz_sigma_physics,derived_vz_sigma_corrected
0.09385421127080917,-919.8721923828125,-893.0617065429688,973.13671875,222.347412109375,94.66455078125,-463.3800048828125,560.9473876953125,-627.1181640625,0.6766414046287537,0.9900916218757629,6.0419135093688965,2.754765748977661,0.2833031415939331,0.05357048660516739,0.026206642389297485,0.6692919731140137,0.26314985752105713,0.056173019111156464,0.4464818239212036,0.2723167836666107,129.74437809523172,0.6934868955435546,0.9767900371374877
0.09537892788648605,-901.9791259765625,-912.6776733398438,968.988037109375,229.643798828125,98.142333984375,-453.20745849609375,536.1959228515625,-619.7838134765625,0.6747928261756897,0.991034984588623,6.014415740966797,2.7457926273345947,0.2831459045410156,0.04933765530586243,0.02701481245458126,0.6485431790351868,0.273750364780426,0.05759120360016823,0.4496178925037384,0.3000299334526062,129.75192922770012,0.6881847354044845,0.9713306399455002
0.09613930433988571,-930.0610961914062,-896.9963989257812,976.1929931640625,216.8126220703125,95.464111328125,-470.3233642578125,611.659423828125,-664.95263671875,0.6770491600036621,0.9952578544616699,6.0444655418396,2.7595503330230713,0.3004336655139923,0.05249817669391632,0.023987026885151863,0.7267956137657166,0.27068227529525757,0.047989387065172195,0.44486549496650696,0.27831971645355225,129.7432449252309,0.6950661647176966,0.9954998302316889
0.09725434333086014,-934.7098999023438,-903.8031005859375,973.7271728515625,221.2646484375,97.5166015625,-462.4617919921875,591.2939453125,-677.4068603515625,0.6773268580436707,0.9952810406684875,6.050563812255859,2.758239507675171,0.307134747505188,0.050469305366277695,0.02226981334388256,0.7526689171791077,0.3125937879085541,0.05448099225759506,0.44487202167510986,0.27976399660110474,129.74192487498507,0.6953380088988151,1.002472756404003
