loss,V3,V6,V9,V10,V11,V12,V15,V18,pred_detector_active_contact_fraction,pred_detector_active_forward_fraction,pred_detector_contact_angle_theta_mean_deg,pred_detector_contact_angle_theta_sigma_deg,pred_derived_vz_sigma_residual,unc_detector_active_contact_fraction,unc_detector_active_forward_fraction,unc_detector_contact_angle_theta_mean_deg,unc_detector_contact_angle_theta_sigma_deg,unc_derived_vz_sigma_residual,pred_viability_prob,unc_viability_prob,derived_vz_mean,derived_vz_sigma_physics,derived_vz_sigma_corrected
0.009615186601877213,-886.5203857421875,-999.9755859375,920.04833984375,3.757568359375,-117.16082763671875,-774.5010986328125,8.53680419921875,-111.12799072265625,0.8212597966194153,0.999066174030304,2.4539105892181396,1.8039608001708984,0.3711392879486084,0.00953703559935093,0.004392629489302635,0.021814048290252686,0.0005006854771636426,0.02332221157848835,0.8806426525115967,0.08400152623653412,130.43555269556902,0.1983280217115071,0.5694673096601155
0.009666665457189083,-886.28271484375,-999.9759521484375,917.21533203125,5.07427978515625,-116.22296142578125,-772.7276000976562,5.12255859375,-111.6533203125,0.8205607533454895,0.9991602897644043,2.457765817642212,1.8075851202011108,0.37206414341926575,0.009600895456969738,0.004617246333509684,0.020663531497120857,0.0014838800998404622,0.024416910484433174,0.8823100924491882,0.082921102643013,130.43491624220232,0.19905652464596213,0.5711206680652279
0.009707293473184109,-887.1658935546875,-999.9707641601562,922.22216796875,1.06060791015625,-119.00506591796875,-777.6906127929688,13.057373046875,-110.2283935546875,0.8202317357063293,0.9988687038421631,2.4508399963378906,1.808362603187561,0.3724331855773926,0.009669025428593159,0.004181685391813517,0.026153214275836945,0.003517856588587165,0.02276523783802986,0.877540111541748,0.08552096784114838,130.43553618573677,0.19871911620985266,0.5711523017872453
0.009726712480187416,-886.1094970703125,-999.974853515625,913.8536376953125,6.3367919921875,-115.0379638671875,-770.5775146484375,1.89306640625,-110.44769287109375,0.820978581905365,0.999260425567627,2.4587862491607666,1.8051261901855469,0.3693408966064453,0.009931989014148712,0.0047907219268381596,0.021374817937612534,0.0016329381614923477,0.024298179894685745,0.883760392665863,0.08191200345754623,130.43499299236072,0.1987934602400742,0.5681343568465195
