loss,V3,V6,V9,V10,V11,V12,V15,V18,pred_detector_active_contact_fraction,pred_detector_active_forward_fraction,pred_detector_contact_angle_theta_mean_deg,pred_detector_contact_angle_theta_sigma_deg,pred_derived_vz_sigma_residual,unc_detector_active_contact_fraction,unc_detector_active_forward_fraction,unc_detector_contact_angle_theta_mean_deg,unc_detector_contact_angle_theta_sigma_deg,unc_derived_vz_sigma_residual,pred_viability_prob,unc_viability_prob,derived_vz_mean,derived_vz_sigma_physics,derived_vz_sigma_corrected
0.46414417028427124,-740.1043701171875,-789.4854736328125,886.315185546875,10.6103515625,-90.06964111328125,-691.8084716796875,-352.5921630859375,348.076904296875,0.5571060180664062,0.9742748141288757,4.5295634269714355,1.9339990615844727,0.0263473242521286,0.030912958085536957,0.00859874952584505,0.44475284218788147,0.26265063881874084,0.1166471540927887,0.44383296370506287,0.22171449661254883,130.13787773445935,0.36344978077506357,0.38979710502719217
0.4662732779979706,-734.009765625,-999.994384765625,572.3714599609375,12.57623291015625,-17.294189453125,-612.9412231445312,117.0933837890625,-347.15380859375,0.5544448494911194,0.9993481040000916,4.5703864097595215,1.9328842163085938,-0.1046815738081932,0.09993286430835724,0.027294686064124107,0.1747046411037445,0.8120461702346802,0.4410952031612396,0.8425474762916565,0.09952285885810852,130.13058457463507,0.3662175975972063,0.2615360237890131
0.4697512090206146,-729.1542358398438,-999.9940795898438,604.7967529296875,10.3038330078125,-21.00714111328125,-614.6158447265625,108.7598876953125,-347.5787353515625,0.5539857745170593,0.9978963732719421,4.561307430267334,1.9398714303970337,-0.0977550521492958,0.09681222587823868,0.02585342526435852,0.1478002518415451,0.7465336322784424,0.41664886474609375,0.859814465045929,0.08902475982904434,130.13169494910704,0.3669803922118369,0.2692253400625411
0.489608496427536,-767.0402221679688,-808.4888305664062,750.3463134765625,-71.3837890625,-153.8309326171875,-837.711181640625,-506.69366455078125,399.16650390625,0.5560296773910522,1.0042304992675781,4.481289386749268,1.9372329711914062,0.005005230661481619,0.022729787975549698,0.010601426474750042,0.5387203097343445,0.4070947468280792,0.1523243933916092,0.6056501865386963,0.12651078402996063,130.14626967535503,0.3605618747444387,0.3655671054059203
