loss,V3,V6,V9,V10,V11,V12,V15,V18,pred_detector_active_contact_fraction,pred_detector_active_forward_fraction,pred_detector_contact_angle_theta_mean_deg,pred_detector_contact_angle_theta_sigma_deg,pred_derived_vz_sigma_residual,unc_detector_active_contact_fraction,unc_detector_active_forward_fraction,unc_detector_contact_angle_theta_mean_deg,unc_detector_contact_angle_theta_sigma_deg,unc_derived_vz_sigma_residual,pred_viability_prob,unc_viability_prob,derived_vz_mean,derived_vz_sigma_physics,derived_vz_sigma_corrected
0.048443082720041275,-974.5736083984375,-830.1729125976562,629.65087890625,82.9024658203125,63.9676513671875,-749.2123413085938,-498.9700927734375,-705.1348266601562,0.6532437801361084,0.9438948631286621,6.281507968902588,2.3025238513946533,0.38823214173316956,0.0687280148267746,0.00904651079326868,0.30636268854141235,0.3477374315261841,0.10159403085708618,0.9382204413414001,0.05743911862373352,129.7310015359604,0.5926813588515102,0.9809135005846797
0.05071801692247391,-919.5961303710938,-909.4204711914062,695.7928466796875,61.3260498046875,51.1187744140625,-800.9617309570312,-320.83197021484375,-698.0678100585938,0.6535098552703857,0.9645355343818665,6.225120544433594,2.411895513534546,0.3510144054889679,0.017076997086405754,0.008743814192712307,0.35277077555656433,0.268558531999588,0.07535066455602646,0.9545698761940002,0.04027644917368889,129.73480337826334,0.6174869185111014,0.9685013240000693
0.0669156163930893,-976.8258666992188,-994.5533447265625,699.001953125,117.430908203125,72.1246337890625,-722.4566650390625,-476.76690673828125,-979.0197143554688,0.6523148417472839,0.9600318074226379,6.255020618438721,2.3884057998657227,0.6235851645469666,0.04539009556174278,0.04473118111491203,0.7214744687080383,0.364928662776947,0.09523581713438034,0.767835795879364,0.2281995564699173,129.7296287637702,0.6137953248872451,1.2373804894342117
0.09332387894392014,-767.8307495117188,-715.2872314453125,898.8126220703125,-18.718994140625,-154.3291015625,-791.233642578125,-49.63397216796875,290.3740234375,0.650859534740448,1.007153034210205,5.931032657623291,2.5684051513671875,0.16956734657287598,0.10882721841335297,0.006306212395429611,0.14238986372947693,0.0956742987036705,0.059179261326789856,0.4467647075653076,0.19116632640361786,129.79032019228734,0.6319389166132771,0.801506263186153
