loss,V3,V6,V9,V10,V11,V12,V15,V18,pred_detector_active_contact_fraction,pred_detector_active_forward_fraction,pred_detector_contact_angle_theta_mean_deg,pred_detector_contact_angle_theta_sigma_deg,pred_derived_vz_sigma_residual,unc_detector_active_contact_fraction,unc_detector_active_forward_fraction,unc_detector_contact_angle_theta_mean_deg,unc_detector_contact_angle_theta_sigma_deg,unc_derived_vz_sigma_residual,pred_viability_prob,unc_viability_prob,derived_vz_mean,derived_vz_sigma_physics,derived_vz_sigma_corrected
0.20627641677856445,-739.4517211914062,-792.6776123046875,830.797119140625,-28.35406494140625,-93.105712890625,-833.8994140625,-627.96044921875,67.7139892578125,0.7995246052742004,0.9893841743469238,5.765476703643799,2.381612777709961,-0.10554065555334091,0.10411348193883896,0.05860573425889015,1.1178691387176514,0.6509028673171997,0.2818804085254669,0.8997550010681152,0.13371898233890533,129.84702394270465,0.5675784997281137,0.4620378441747728
0.20646876096725464,-744.6275634765625,-799.2026977539062,827.3153076171875,-32.9515380859375,-98.03948974609375,-842.933837890625,-648.4180908203125,74.0198974609375,0.7995672821998596,0.9908483624458313,5.7682929039001465,2.379666328430176,-0.11024875193834305,0.10230875015258789,0.06233968585729599,1.1516412496566772,0.651220977306366,0.2906195819377899,0.8993618488311768,0.13781243562698364,129.84656266968946,0.567333542731951,0.457084790793608
0.21180395781993866,-707.2161865234375,-821.8743896484375,707.561279296875,-19.66259765625,-81.4595947265625,-832.5410766601562,-645.7652587890625,19.65869140625,0.7985663414001465,0.9896185994148254,5.748551845550537,2.379934310913086,-0.11773675680160522,0.09966733306646347,0.08051831275224686,1.271420955657959,0.6076284050941467,0.26536664366722107,0.8965902328491211,0.13579688966274261,129.8510490626641,0.5656196277057083,0.44788287090410306
0.23078252375125885,-673.773193359375,-913.646240234375,721.0439453125,-23.416015625,-83.4498291015625,-851.9172973632812,-754.7296142578125,-140.5982666015625,0.8002541661262512,1.015843391418457,5.71229362487793,2.4448230266571045,-0.09971991181373596,0.11856749653816223,0.06519204378128052,1.177382469177246,0.2752973735332489,0.2735384702682495,0.8984162211418152,0.16511349380016327,129.853103336731,0.5789170736497923,0.4791971618360563
