loss,V3,V6,V9,V10,V11,V12,V15,V18,pred_detector_active_contact_fraction,pred_detector_active_forward_fraction,pred_detector_contact_angle_theta_mean_deg,pred_detector_contact_angle_theta_sigma_deg,pred_derived_vz_sigma_residual,unc_detector_active_contact_fraction,unc_detector_active_forward_fraction,unc_detector_contact_angle_theta_mean_deg,unc_detector_contact_angle_theta_sigma_deg,unc_derived_vz_sigma_residual,pred_viability_prob,unc_viability_prob,derived_vz_mean,derived_vz_sigma_physics,derived_vz_sigma_corrected
0.006654065102338791,-898.1688232421875,-787.5293579101562,672.1600341796875,-2.8768310546875,-60.41607666015625,-741.7418212890625,12.58721923828125,-273.2276611328125,0.9890699982643127,1.0072154998779297,3.248464822769165,1.592233657836914,-0.049662549048662186,0.03387466073036194,0.012020946480333805,0.0017336595337837934,0.002825814066454768,0.014894016087055206,0.967380702495575,0.027098918333649635,130.3597722817298,0.21758654343222403,0.16792399438356184
0.009662650525569916,-876.627685546875,-855.4622192382812,935.5233154296875,-120.80950927734375,-157.254150390625,-927.3986206054688,-180.73907470703125,-1.5592041015625,0.9896990656852722,1.004431128501892,3.2752370834350586,1.571584701538086,-0.043982427567243576,0.017040066421031952,0.008056865073740482,0.03832327201962471,0.005789497401565313,0.019662249833345413,0.9700201153755188,0.02690187096595764,130.35759791443442,0.2160516085244399,0.1720691809571963
0.010332182981073856,-894.750244140625,-958.2610473632812,800.9329833984375,-37.5418701171875,-60.0042724609375,-758.1498413085938,82.7601318359375,-405.7249755859375,0.9890279769897461,1.0096803903579712,3.2666313648223877,1.566628336906433,-0.08093508332967758,0.03881905600428581,0.007348404265940189,0.025383517146110535,0.016066033393144608,0.0388435497879982,0.9818246960639954,0.017339399084448814,130.35902572288896,0.21479392582326381,0.13385884249358623
0.01098286546766758,-880.7861938476562,-992.90771484375,785.97265625,-35.606201171875,-59.598388671875,-761.9766235351562,94.4693603515625,-415.7906494140625,0.991546630859375,1.0108166933059692,3.247215509414673,1.5722564458847046,-0.07366574555635452,0.04499714821577072,0.007098604459315538,0.04666924476623535,0.0034710161853581667,0.03693368658423424,0.9828336238861084,0.01760578341782093,130.36118877047684,0.21449792584060842,0.1408321802842539
