loss,V3,V6,V9,V10,V11,V12,V15,V18,pred_detector_active_contact_fraction,pred_detector_active_forward_fraction,pred_detector_contact_angle_theta_mean_deg,pred_detector_contact_angle_theta_sigma_deg,pred_derived_vz_sigma_residual,unc_detector_active_contact_fraction,unc_detector_active_forward_fraction,unc_detector_contact_angle_theta_mean_deg,unc_detector_contact_angle_theta_sigma_deg,unc_derived_vz_sigma_residual,pred_viability_prob,unc_viability_prob,derived_vz_mean,derived_vz_sigma_physics,derived_vz_sigma_corrected
0.035542864352464676,-992.068603515625,-999.9942016601562,943.5843505859375,67.2921142578125,-50.33746337890625,-661.074462890625,46.2930908203125,-147.273193359375,0.8979621529579163,1.0009616613388062,2.7723023891448975,2.511920690536499,0.7535953521728516,0.09399353712797165,0.01129978522658348,0.23070992529392242,0.09927108883857727,0.06581593304872513,0.771514892578125,0.16382144391536713,130.34180447540544,0.3285566778596688,1.0821520300325203
0.03558821976184845,-991.61865234375,-999.9949951171875,953.2889404296875,68.5628662109375,-50.2220458984375,-657.0377197265625,50.8853759765625,-152.40252685546875,0.898034393787384,0.9999964833259583,2.7696635723114014,2.5146219730377197,0.7585404515266418,0.09662039577960968,0.011768614873290062,0.2448592185974121,0.0948096439242363,0.06662140786647797,0.7639467120170593,0.16830655932426453,130.34182546977195,0.3287906109286252,1.087331062455267
0.03587695583701134,-991.1654663085938,-999.994384765625,934.9080810546875,66.7935791015625,-49.9095458984375,-663.054931640625,44.367431640625,-144.49761962890625,0.8979122638702393,1.0017513036727905,2.7764618396759033,2.5085959434509277,0.7486535906791687,0.09277918189764023,0.011024224571883678,0.22276316583156586,0.10245656967163086,0.06535177677869797,0.7772436738014221,0.1607886403799057,130.3416773039603,0.32834523565910473,1.0769988263382735
0.03591093420982361,-991.4148559570312,-999.9942626953125,930.541015625,66.2037353515625,-49.98541259765625,-664.9332275390625,42.38916015625,-142.15631103515625,0.8978724479675293,1.0021618604660034,2.777747392654419,2.5072014331817627,0.7462835311889648,0.0915948748588562,0.010814941488206387,0.2169152796268463,0.1044577956199646,0.06501632183790207,0.7803643345832825,0.15885944664478302,130.34167430139752,0.3282180400501388,1.0745015712391037
