loss,V3,V6,V9,V10,V11,V12,V15,V18,pred_detector_active_contact_fraction,pred_detector_active_forward_fraction,pred_detector_contact_angle_theta_mean_deg,pred_detector_contact_angle_theta_sigma_deg,pred_derived_vz_sigma_residual,unc_detector_active_contact_fraction,unc_detector_active_forward_fraction,unc_detector_contact_angle_theta_mean_deg,unc_detector_contact_angle_theta_sigma_deg,unc_derived_vz_sigma_residual,pred_viability_prob,unc_viability_prob,derived_vz_mean,derived_vz_sigma_physics,derived_vz_sigma_corrected
0.23844166100025177,-991.4002685546875,-999.99755859375,952.135498046875,58.4505615234375,92.64794921875,-589.3910522460938,8.71466064453125,-253.64349365234375,0.8918976783752441,1.0074294805526733,4.004980564117432,2.5144450664520264,0.3136729300022125,0.06090911850333214,0.015740271657705307,0.13014385104179382,0.24396158754825592,0.1639239490032196,0.658879816532135,0.16248413920402527,130.17560919783486,0.4375032007458701,0.7511761307480826
0.2388497143983841,-992.8984985351562,-999.9974975585938,920.32080078125,57.814208984375,93.81982421875,-593.4893798828125,15.71832275390625,-262.99041748046875,0.8916788697242737,1.0077983140945435,4.0057477951049805,2.512080430984497,0.3105039894580841,0.06659166514873505,0.0150735629722476,0.11264986544847488,0.24097183346748352,0.15954817831516266,0.6967656016349792,0.16004621982574463,130.17572280173698,0.4370949069918126,0.7475988964498967
0.23959361016750336,-991.232421875,-999.9974975585938,919.862548828125,57.7354736328125,93.909912109375,-593.9290161132812,15.8133544921875,-262.35882568359375,0.8916795253753662,1.0076268911361694,4.007183074951172,2.510814666748047,0.30907341837882996,0.06635455787181854,0.015066640451550484,0.11190031468868256,0.23967130482196808,0.15868976712226868,0.7000376582145691,0.1604072004556656,130.17562045972187,0.43696958122908164,0.7460429996079116
0.24020487070083618,-995.0171508789062,-999.9951782226562,973.9283447265625,59.9034423828125,35.7672119140625,-605.1553344726562,-311.41107177734375,-529.8873291015625,0.8894214034080505,1.01071298122406,3.98591685295105,2.537982225418091,0.40523019433021545,0.07547194510698318,0.02550889179110527,0.40474075078964233,0.38149377703666687,0.19219063222408295,0.5550513863563538,0.269486665725708,130.17627664734295,0.4405230374256469,0.8457532317558624
