loss,V3,V6,V9,V10,V11,V12,V15,V18,pred_detector_active_contact_fraction,pred_detector_active_forward_fraction,pred_detector_contact_angle_theta_mean_deg,pred_detector_contact_angle_theta_sigma_deg,pred_derived_vz_sigma_residual,unc_detector_active_contact_fraction,unc_detector_active_forward_fraction,unc_detector_contact_angle_theta_mean_deg,unc_detector_contact_angle_theta_sigma_deg,unc_derived_vz_sigma_residual,pred_viability_prob,unc_viability_prob,derived_vz_mean,derived_vz_sigma_physics,derived_vz_sigma_corrected
0.046258728951215744,-987.9832763671875,-920.279052734375,589.829345703125,141.718505859375,116.60107421875,-569.2552490234375,-695.1644287109375,-881.0231323242188,0.7495496869087219,0.9906116127967834,6.140273571014404,1.674398422241211,0.16679544746875763,0.07024683803319931,0.026416627690196037,0.6194592714309692,0.20641778409481049,0.1705412119626999,0.9998960494995117,0.0001572097826283425,129.81518891678425,0.4155865324180259,0.5823819798867835
0.10020669549703598,-985.9569091796875,-895.7142333984375,243.3961181640625,101.089599609375,47.6385498046875,-771.30810546875,-840.0398559570312,-763.02392578125,0.7463893890380859,0.9837892055511475,5.974123477935791,1.9420160055160522,0.08992455154657364,0.07425177097320557,0.005367737729102373,0.5712446570396423,0.3102853298187256,0.21197818219661713,0.9966921806335449,0.005359638947993517,129.83600110820356,0.4724503352947854,0.5623748868413591
0.10776583850383759,-976.603271484375,-859.258544921875,188.820068359375,87.66943359375,50.7017822265625,-789.1798706054688,-859.460205078125,-851.7298583984375,0.7443180680274963,0.9850409626960754,5.9840264320373535,1.9737275838851929,0.11785155534744263,0.08199373632669449,0.0010075741447508335,0.6172897815704346,0.259631484746933,0.21077248454093933,0.995383083820343,0.007728246506303549,129.83119529760327,0.48130226740062326,0.599153822748066
0.13506801426410675,-999.2700805664062,-660.7777099609375,401.048828125,150.4951171875,123.64453125,-471.0888671875,-241.61126708984375,-738.9210205078125,0.7439417839050293,0.9768322110176086,5.8617777824401855,2.05061411857605,0.1977066844701767,0.1344796121120453,0.02783842757344246,0.4974896311759949,0.12795710563659668,0.21745912730693817,0.9981989860534668,0.0027888785116374493,129.8538171688127,0.49141791325223516,0.6891245977224119
