loss,V3,V6,V9,V10,V11,V12,V15,V18,pred_detector_active_contact_fraction,pred_detector_active_forward_fraction,pred_detector_contact_angle_theta_mean_deg,pred_detector_contact_angle_theta_sigma_deg,pred_derived_vz_sigma_residual,unc_detector_active_contact_fraction,unc_detector_active_forward_fraction,unc_detector_contact_angle_theta_mean_deg,unc_detector_contact_angle_theta_sigma_deg,unc_derived_vz_sigma_residual,pred_viability_prob,unc_viability_prob,derived_vz_mean,derived_vz_sigma_physics,derived_vz_sigma_corrected
0.05738338455557823,-802.681396484375,-739.5379638671875,985.253173828125,-144.34405517578125,-126.36895751953125,-888.0257568359375,-762.5270385742188,249.958251953125,0.5998274683952332,0.9813615679740906,6.044978618621826,2.7860281467437744,0.17119599878787994,0.08569440245628357,0.011912357062101364,0.18123933672904968,0.12750768661499023,0.09053521603345871,0.9595939517021179,0.034696437418460846,129.74022032351968,0.7024072210816861,0.873603219869566
0.058583393692970276,-624.5254516601562,-999.945068359375,980.6397705078125,-66.939453125,-21.67620849609375,-732.8567504882812,-673.6942138671875,-156.80535888671875,0.5984724164009094,0.994307816028595,6.061515808105469,2.763157606124878,0.11408340185880661,0.07463692873716354,0.0075718010775744915,0.5926629304885864,0.0009835985256358981,0.07203073799610138,0.9716615080833435,0.03129323944449425,129.7387572052836,0.6978284665853787,0.8119118684441853
0.06280821561813354,-628.1740112304688,-999.7816162109375,962.6016845703125,-62.58441162109375,-21.3641357421875,-726.4588623046875,-674.1181030273438,-239.40350341796875,0.5992327332496643,0.9959567189216614,6.053813457489014,2.7811689376831055,0.12927408516407013,0.08811452239751816,0.009533490054309368,0.577862560749054,0.03778725489974022,0.07333442568778992,0.970221996307373,0.033413492143154144,129.73863479140584,0.7019912215433858,0.8312653067074559
0.06397584825754166,-710.75830078125,-931.0384521484375,930.4239501953125,-27.83709716796875,19.5672607421875,-618.1260375976562,-639.716064453125,-370.28289794921875,0.5986726880073547,0.9892354607582092,6.0279221534729,2.7918636798858643,0.16503141820430756,0.10477116703987122,0.006264811381697655,0.35239413380622864,0.17460544407367706,0.05150565132498741,0.9158466458320618,0.08737767487764359,129.7436614016647,0.7022284307483909,0.8672598489526985
