loss,V3,V6,V9,V10,V11,V12,V15,V18,pred_detector_active_contact_fraction,pred_detector_active_forward_fraction,pred_detector_contact_angle_theta_mean_deg,pred_detector_contact_angle_theta_sigma_deg,pred_derived_vz_sigma_residual,unc_detector_active_contact_fraction,unc_detector_active_forward_fraction,unc_detector_contact_angle_theta_mean_deg,unc_detector_contact_angle_theta_sigma_deg,unc_derived_vz_sigma_residual,pred_viability_prob,unc_viability_prob,derived_vz_mean,derived_vz_sigma_physics,derived_vz_sigma_corrected
0.030849222093820572,-983.675537109375,-999.9908447265625,907.1441650390625,41.7149658203125,-37.2215576171875,-774.8391723632812,-456.17401123046875,-428.726806640625,0.7773801684379578,1.0030444860458374,3.5185184478759766,2.2362895011901855,0.45197606086730957,0.012398844584822655,0.021781306713819504,0.24402764439582825,0.00022572565649170429,0.09661287814378738,0.777049720287323,0.13754238188266754,130.274516072373,0.3426930381231408,0.7946690989904504
0.031882401555776596,-965.0716552734375,-971.2100219726562,972.343994140625,-46.1121826171875,-158.32208251953125,-938.40087890625,-7.45458984375,152.3192138671875,0.7778465747833252,1.0114123821258545,3.5617246627807617,2.1980350017547607,0.3755439519882202,0.027553964406251907,0.005512360017746687,0.02993331104516983,0.04593822360038757,0.03647599741816521,0.8948009610176086,0.11429625749588013,130.27180435113013,0.33932919217967905,0.7148731441678993
0.03648226335644722,-970.574951171875,-975.5742797851562,492.689453125,-26.17413330078125,-80.97607421875,-953.6715698242188,-928.1004028320312,-278.7900390625,0.7737603187561035,1.0137985944747925,3.4464399814605713,2.261349678039551,0.5237579941749573,0.056514184921979904,0.058753952383995056,0.3969503939151764,0.11671365797519684,0.052076153457164764,0.8766851425170898,0.1630372554063797,130.28225329254434,0.34130657166784184,0.8650645658427991
0.03698793053627014,-983.8560180664062,-860.4556274414062,274.256591796875,-45.74017333984375,-141.4613037109375,-990.1563720703125,-806.1827392578125,-567.57080078125,0.7775953412055969,0.998957633972168,3.5481717586517334,2.218629837036133,0.4508950710296631,0.11356966197490692,0.055743832141160965,0.0336962565779686,0.1481330841779709,0.114041268825531,0.8411639332771301,0.1489422470331192,130.27191393795917,0.34192703729137647,0.7928221083210396
