loss,V3,V6,V9,V10,V11,V12,V15,V18,pred_detector_active_contact_fraction,pred_detector_active_forward_fraction,pred_detector_contact_angle_theta_mean_deg,pred_detector_contact_angle_theta_sigma_deg,pred_derived_vz_sigma_residual,unc_detector_active_contact_fraction,unc_detector_active_forward_fraction,unc_detector_contact_angle_theta_mean_deg,unc_detector_contact_angle_theta_sigma_deg,unc_derived_vz_sigma_residual,pred_viability_prob,unc_viability_prob,derived_vz_mean,derived_vz_sigma_physics,derived_vz_sigma_corrected
0.006815475411713123,-891.7255859375,-790.961669921875,499.9710693359375,67.0146484375,-13.95458984375,-772.6932373046875,20.3902587890625,-369.5108642578125,0.851817786693573,0.9849600791931152,4.697137355804443,2.507453680038452,0.20522530376911163,0.02028122916817665,0.004493182059377432,0.0014474312774837017,0.007961133494973183,0.01907268911600113,0.9148443341255188,0.09878822416067123,130.05670624299498,0.4997263237890936,0.7049516275582053
0.008406216278672218,-697.0032958984375,-999.9359130859375,882.523193359375,-6.79022216796875,33.832275390625,-770.6550903320312,-291.7969970703125,-191.9232177734375,0.8500733375549316,0.999275267124176,4.699958324432373,2.513995409011841,0.15215998888015747,0.02075636386871338,0.013520372100174427,0.006151303183287382,0.005841284990310669,0.034001730382442474,0.9509121775627136,0.0767669603228569,130.05552926168892,0.5014527304954984,0.6536127193756559
0.01003553532063961,-859.14892578125,-859.6029663085938,243.5775146484375,37.2718505859375,-59.297607421875,-902.130615234375,-236.5963134765625,-227.0218505859375,0.8474178314208984,1.009843111038208,4.64516544342041,2.5251071453094482,0.2675568759441376,0.06521426141262054,0.012183078564703465,0.0197155624628067,0.022895483300089836,0.010484295897185802,0.919562816619873,0.11740659922361374,130.06458589180963,0.4988260225940592,0.7663828985381969
0.010408809408545494,-844.9871215820312,-855.3999633789062,945.3883056640625,-145.37493896484375,-111.169677734375,-916.8282470703125,-90.59124755859375,-305.1513671875,0.848591148853302,1.0176059007644653,4.7459635734558105,2.4776127338409424,0.12305483967065811,0.006705260835587978,0.00857252161949873,0.000531944795511663,0.0320778451859951,0.013361243531107903,0.9242704510688782,0.08847758173942566,130.050499147687,0.4975543581156651,0.6206091977863233
