loss,V3,V6,V9,V10,V11,V12,V15,V18,pred_detector_active_contact_fraction,pred_detector_active_forward_fraction,pred_detector_contact_angle_theta_mean_deg,pred_detector_contact_angle_theta_sigma_deg,pred_derived_vz_sigma_residual,unc_detector_active_contact_fraction,unc_detector_active_forward_fraction,unc_detector_contact_angle_theta_mean_deg,unc_detector_contact_angle_theta_sigma_deg,unc_derived_vz_sigma_residual,pred_viability_prob,unc_viability_prob,derived_vz_mean,derived_vz_sigma_physics,derived_vz_sigma_corrected
0.03804944455623627,-640.05517578125,-777.66748046875,975.5606689453125,-29.81317138671875,-79.55743408203125,-706.02099609375,-342.6512451171875,59.942626953125,0.6504206657409668,0.9957714676856995,4.384659290313721,1.377327561378479,-0.11849141865968704,0.05095728114247322,0.006015313323587179,0.1321902871131897,0.3182310163974762,0.08863069862127304,0.9353184700012207,0.037027548998594284,130.20008420446106,0.24581348732009758,0.12732206866041054
0.03806726634502411,-640.576171875,-777.6675415039062,976.9122314453125,-31.18292236328125,-81.04388427734375,-708.998779296875,-341.7437744140625,59.6136474609375,0.6504544615745544,0.9958272576332092,4.383815765380859,1.3790193796157837,-0.11786258220672607,0.05072454363107681,0.006111909635365009,0.12752018868923187,0.31536805629730225,0.08802399039268494,0.9354841709136963,0.03646767511963844,130.2001386922197,0.24608439686729783,0.12822181466057175
0.03890800476074219,-643.6868286132812,-776.9036865234375,972.926025390625,-34.80084228515625,-85.09088134765625,-717.6053466796875,-333.9796142578125,60.3448486328125,0.6504795551300049,0.9963218569755554,4.378012180328369,1.3869858980178833,-0.11400263756513596,0.049222998321056366,0.005708150565624237,0.12100623548030853,0.3103741407394409,0.08729679882526398,0.9339314103126526,0.035513073205947876,130.2007120740961,0.24726104591969,0.13325840835455405
0.04036549851298332,-643.0884399414062,-778.6639404296875,955.534423828125,-34.64959716796875,-82.98077392578125,-717.3907470703125,-343.1402587890625,57.17431640625,0.6504321694374084,0.9964736104011536,4.372245788574219,1.3942350149154663,-0.10973519831895828,0.047949306666851044,0.005010321736335754,0.12159492820501328,0.3229110538959503,0.08789139240980148,0.9366481900215149,0.03186039254069328,130.20131481621058,0.24830359546104874,0.13856839714209046
