loss,V3,V6,V9,V10,V11,V12,V15,V18,pred_detector_active_contact_fraction,pred_detector_active_forward_fraction,pred_detector_contact_angle_theta_mean_deg,pred_detector_contact_angle_theta_sigma_deg,pred_derived_vz_sigma_residual,unc_detector_active_contact_fraction,unc_detector_active_forward_fraction,unc_detector_contact_angle_theta_mean_deg,unc_detector_contact_angle_theta_sigma_deg,unc_derived_vz_sigma_residual,pred_viability_prob,unc_viability_prob,derived_vz_mean,derived_vz_sigma_physics,derived_vz_sigma_corrected
0.024108413606882095,-987.1690673828125,-999.9935302734375,851.1177978515625,8.76177978515625,-89.67706298828125,-736.975341796875,25.8819580078125,-544.5823974609375,0.9873221516609192,1.0252074003219604,3.6326732635498047,2.8840274810791016,0.7494716048240662,0.07409608364105225,0.006254035513848066,0.0009148202370852232,0.2567879557609558,0.09353319555521011,0.9059656262397766,0.06257756054401398,130.19251473278052,0.4769767703002903,1.2264483751243564
0.024980638176202774,-983.99609375,-999.9892578125,843.6732177734375,8.9678955078125,-87.23199462890625,-732.6909790039062,42.0697021484375,-542.2230834960938,0.9865334630012512,1.0248637199401855,3.640726089477539,2.883312940597534,0.7416706085205078,0.07135556638240814,0.005776223726570606,0.0008470409666188061,0.2778078317642212,0.10384545475244522,0.9093855023384094,0.06021449714899063,130.1914334529276,0.4776331012532711,1.2193037097737789
0.02503279410302639,-984.6212158203125,-999.9879150390625,838.7030029296875,6.64630126953125,-85.09375,-732.7196044921875,59.4281005859375,-528.2656860351562,0.9875054359436035,1.0244452953338623,3.6252033710479736,2.8946430683135986,0.742356538772583,0.06814583390951157,0.0050018238835036755,0.0003342246054671705,0.2968727946281433,0.11385684460401535,0.9094338417053223,0.05899405479431152,130.19237481999534,0.4784037505557783,1.2207602893283613
0.025035886093974113,-984.4027709960938,-999.9886474609375,840.4339599609375,7.61163330078125,-85.405029296875,-732.240966796875,56.826416015625,-530.8594970703125,0.987588107585907,1.0245851278305054,3.626063108444214,2.8930206298828125,0.7440387606620789,0.06905778497457504,0.005163025576621294,0.0005772024160251021,0.2941877841949463,0.11277839541435242,0.9095959663391113,0.05918172746896744,130.1924372353029,0.4781574820715302,1.222196242733609
