loss,V3,V6,V9,V10,V11,V12,V15,V18,pred_detector_active_contact_fraction,pred_detector_active_forward_fraction,pred_detector_contact_angle_theta_mean_deg,pred_detector_contact_angle_theta_sigma_deg,pred_derived_vz_sigma_residual,unc_detector_active_contact_fraction,unc_detector_active_forward_fraction,unc_detector_contact_angle_theta_mean_deg,unc_detector_contact_angle_theta_sigma_deg,unc_derived_vz_sigma_residual,pred_viability_prob,unc_viability_prob,derived_vz_mean,derived_vz_sigma_physics,derived_vz_sigma_corrected
0.07625801861286163,-642.344482421875,-877.1077270507812,618.217529296875,-11.53570556640625,-70.087646484375,-731.36865234375,-405.921142578125,149.1951904296875,0.5527834892272949,0.9221213459968567,3.256150484085083,1.2029601335525513,-0.09635311365127563,0.06873784959316254,0.010476404801011086,0.0017953806091099977,0.10318578779697418,0.022864187136292458,0.8231130242347717,0.028331860899925232,130.38038429815012,0.16095183877113767,0.06459872511986203
0.07768946886062622,-653.54833984375,-873.3824462890625,661.8275146484375,-33.17694091796875,-93.42431640625,-757.0263671875,-416.29864501953125,185.078857421875,0.552222728729248,0.9234867095947266,3.2535417079925537,1.2133845090866089,-0.09043765068054199,0.07219154387712479,0.00867251306772232,0.0007373134139925241,0.09346906840801239,0.024780932813882828,0.8443800806999207,0.02807648293673992,130.38022169516756,0.1623144696659102,0.07187681898536821
0.07807541638612747,-655.5091552734375,-885.00732421875,725.725830078125,-20.77081298828125,-84.11431884765625,-727.5135498046875,-433.87042236328125,150.0899658203125,0.5522685050964355,0.9227069020271301,3.241023063659668,1.2136887311935425,-0.07950679212808609,0.06689626723527908,0.009465144015848637,0.0006546889781020582,0.06576908379793167,0.007652088534086943,0.8539903163909912,0.0339522659778595,130.38182329476402,0.16177447032267636,0.08226767819459027
0.08140470087528229,-664.5641479492188,-899.7728881835938,770.244384765625,-15.85589599609375,-77.95245361328125,-709.4327392578125,-436.52490234375,126.672607421875,0.5521183609962463,0.9237363338470459,3.2243213653564453,1.2247427701950073,-0.06537101417779922,0.06889559328556061,0.012119732797145844,0.006204615347087383,0.03965042904019356,0.018243275582790375,0.8577612042427063,0.03856983408331871,130.38343465464848,0.16256022867917083,0.0971892145013716
