loss,V3,V6,V9,V10,V11,V12,V15,V18,pred_detector_active_contact_fraction,pred_detector_active_forward_fraction,pred_detector_contact_angle_theta_mean_deg,pred_detector_contact_angle_theta_sigma_deg,pred_derived_vz_sigma_residual,unc_detector_active_contact_fraction,unc_detector_active_forward_fraction,unc_detector_contact_angle_theta_mean_deg,unc_detector_contact_angle_theta_sigma_deg,unc_derived_vz_sigma_residual,pred_viability_prob,unc_viability_prob,derived_vz_mean,derived_vz_sigma_physics,derived_vz_sigma_corrected
0.013863587751984596,-830.833984375,-893.2001342773438,182.495849609375,21.703125,-109.177978515625,-729.3563232421875,-520.202392578125,-105.4046630859375,0.5502710342407227,0.9673797488212585,2.471780776977539,1.4738377332687378,0.13550741970539093,0.021104438230395317,0.008926196955144405,0.03760246932506561,0.0008681711042299867,0.08153214305639267,0.6922292709350586,0.19140391051769257,130.45530145486399,0.157193486588216,0.2927009062936069
0.014806564897298813,-826.408203125,-902.5945434570312,196.30078125,11.27276611328125,-112.37060546875,-740.1182861328125,-499.84765625,-87.7227783203125,0.5501456260681152,0.9686830043792725,2.475571393966675,1.45730459690094,0.11634907871484756,0.02822793833911419,0.00769202271476388,0.06369111686944962,0.002699507400393486,0.07131154835224152,0.6909789443016052,0.1721937656402588,130.45589149622168,0.155372235897453,0.27172131461230054
0.015018347650766373,-825.6640014648438,-904.4085693359375,201.4105224609375,8.33306884765625,-113.3204345703125,-743.027587890625,-489.7958679199219,-89.24725341796875,0.5501089096069336,0.9692036509513855,2.4819459915161133,1.4585189819335938,0.11326532810926437,0.02889028936624527,0.0072603849694132805,0.07365860790014267,0.0010390861425548792,0.0702483206987381,0.6922609210014343,0.16425982117652893,130.45519282760358,0.15586179309219422,0.2691271212014586
0.015861209481954575,-832.512451171875,-906.9881591796875,195.97998046875,-1.105224609375,-115.1553955078125,-752.0694580078125,-455.34112548828125,-68.681640625,0.5502261519432068,0.9692196846008301,2.4895715713500977,1.4540067911148071,0.09503819793462753,0.04113864153623581,0.005503031425178051,0.07776577025651932,0.0006032373057678342,0.07178665697574615,0.6350716948509216,0.15590959787368774,130.45470021220075,0.15571637125327775,0.2507545691879053
