loss,V3,V6,V9,V10,V11,V12,V15,V18,pred_detector_active_contact_fraction,pred_detector_active_forward_fraction,pred_detector_contact_angle_theta_mean_deg,pred_detector_contact_angle_theta_sigma_deg,pred_derived_vz_sigma_residual,unc_detector_active_contact_fraction,unc_detector_active_forward_fraction,unc_detector_contact_angle_theta_mean_deg,unc_detector_contact_angle_theta_sigma_deg,unc_derived_vz_sigma_residual,pred_viability_prob,unc_viability_prob,derived_vz_mean,derived_vz_sigma_physics,derived_vz_sigma_corrected
0.014050752855837345,-945.2425537109375,-999.9846801757812,863.4263916015625,-68.5538330078125,51.59765625,-765.200439453125,-110.14044189453125,-294.4915771484375,0.7588962912559509,0.9961419701576233,4.335851669311523,2.5842151641845703,0.29917973279953003,0.03084431029856205,0.008166579529643059,0.07433756440877914,0.000359933270374313,0.04479408636689186,0.9171314835548401,0.10625074058771133,130.11375677366559,0.4827117683914564,0.7818915011909864
0.014150859788060188,-947.8530883789062,-999.9844970703125,869.9197998046875,-70.2236328125,49.748291015625,-765.9599609375,-114.81451416015625,-299.14654541015625,0.7585325241088867,0.9961643815040588,4.335531711578369,2.582151412963867,0.30036091804504395,0.03009922429919243,0.008011352270841599,0.07244246453046799,0.00038704345934093,0.045200128108263016,0.9157115817070007,0.10683207958936691,130.1140231578256,0.48223901340988906,0.782599931454933
0.014404541812837124,-955.98095703125,-999.9844360351562,887.3798828125,-72.71917724609375,46.797119140625,-764.5737915039062,-119.4576416015625,-314.2862548828125,0.7587677836418152,0.9959564208984375,4.332664966583252,2.579511880874634,0.30496400594711304,0.02886722795665264,0.008179500699043274,0.07193264365196228,0.000585863133892417,0.046791136264801025,0.9099286198616028,0.1097448393702507,130.1147865576902,0.4814031971008903,0.7863672030480033
0.016410870477557182,-830.2073364257812,-999.951904296875,904.450439453125,40.9661865234375,-10.53082275390625,-807.7020263671875,-351.22869873046875,-213.87896728515625,0.7580646872520447,1.0017420053482056,4.356228828430176,2.5617294311523438,0.38056492805480957,0.02918984182178974,0.011548594571650028,0.03615210950374603,0.06439795345067978,0.048698194324970245,0.9367173314094543,0.08785326033830643,130.11253305035385,0.4798047670977661,0.8603696951525757
