loss,V3,V6,V9,V10,V11,V12,V15,V18,pred_detector_active_contact_fraction,pred_detector_active_forward_fraction,pred_detector_contact_angle_theta_mean_deg,pred_detector_contact_angle_theta_sigma_deg,pred_derived_vz_sigma_residual,unc_detector_active_contact_fraction,unc_detector_active_forward_fraction,unc_detector_contact_angle_theta_mean_deg,unc_detector_contact_angle_theta_sigma_deg,unc_derived_vz_sigma_residual,pred_viability_prob,unc_viability_prob,derived_vz_mean,derived_vz_sigma_physics,derived_vz_sigma_corrected
0.01132219098508358,-846.44189453125,-838.2742919921875,540.529296875,14.4852294921875,-47.23345947265625,-916.1232299804688,-554.6781005859375,-792.96435546875,0.6502044796943665,0.9872915148735046,6.412159442901611,2.835770845413208,0.3838055431842804,0.034193482249975204,0.001455357181839645,0.00018778687808662653,0.056920040398836136,0.045021023601293564,0.9985978007316589,0.0011632018722593784,129.64398679974565,0.7552659008043237,1.139071443988604
0.015779245644807816,-922.1509399414062,-788.0926513671875,951.0194091796875,174.64599609375,1.04425048828125,-492.1712951660156,-48.52777099609375,-76.28228759765625,0.6503368020057678,0.984018087387085,6.362651348114014,2.9030065536499023,0.32301414012908936,0.027893638238310814,0.0028419585432857275,0.006797709967941046,0.10120575875043869,0.07136843353509903,0.9384279251098633,0.05371254310011864,129.64890834328023,0.7693669556792498,1.092381095808339
0.01612405851483345,-917.4122314453125,-775.5459594726562,921.0474853515625,178.1483154296875,6.79779052734375,-481.10260009765625,-56.6669921875,-93.21722412109375,0.6502384543418884,0.9833061695098877,6.360193729400635,2.906006097793579,0.3105714023113251,0.028250182047486305,0.002773921238258481,0.006858475040644407,0.11309304088354111,0.07101192325353622,0.9426460266113281,0.051071252673864365,129.64918425632942,0.7699662021496188,1.0805376044609438
0.016209978610277176,-927.8643798828125,-805.1859741210938,917.7972412109375,198.4613037109375,29.4534912109375,-449.95257568359375,-21.89202880859375,-114.3902587890625,0.6501820683479309,0.9828471541404724,6.389890193939209,2.869952917098999,0.3110274374485016,0.028566459193825722,0.0019337086705490947,0.03837963938713074,0.13239580392837524,0.08901354670524597,0.9552958011627197,0.050298210233449936,129.64578863858844,0.7627622237640186,1.0737896612125202
