loss,V3,V6,V9,V10,V11,V12,V15,V18,pred_detector_active_contact_fraction,pred_detector_active_forward_fraction,pred_detector_contact_angle_theta_mean_deg,pred_detector_contact_angle_theta_sigma_deg,pred_derived_vz_sigma_residual,unc_detector_active_contact_fraction,unc_detector_active_forward_fraction,unc_detector_contact_angle_theta_mean_deg,unc_detector_contact_angle_theta_sigma_deg,unc_derived_vz_sigma_residual,pred_viability_prob,unc_viability_prob,derived_vz_mean,derived_vz_sigma_physics,derived_vz_sigma_corrected
0.007336375303566456,-668.691162109375,-902.2724609375,888.1829833984375,-47.521728515625,-103.21014404296875,-739.4874267578125,-625.5416259765625,72.95361328125,0.5401818752288818,0.9928412437438965,3.554115056991577,1.6684918403625488,0.05278180539608002,0.016300160437822342,0.009005344472825527,0.0026682731695473194,0.0014913806226104498,0.024868059903383255,0.9671027064323425,0.03634814918041229,130.3135121948931,0.2483140773443009,0.3010958827403809
0.010368095710873604,-717.8673706054688,-999.9481811523438,868.5823974609375,-27.2362060546875,-118.21319580078125,-742.0398559570312,28.456298828125,-122.25128173828125,0.5398615598678589,0.9979005455970764,3.567927598953247,1.6680420637130737,0.09779641777276993,0.025699783116579056,0.00529232295230031,0.07262282818555832,0.00022602805984206498,0.04884462431073189,0.8557424545288086,0.07965025305747986,130.3115869708081,0.24910850754446612,0.34690492531723605
0.01057991199195385,-718.8543701171875,-999.9496459960938,876.8603515625,-28.49407958984375,-119.908203125,-744.4656372070312,30.8507080078125,-126.37481689453125,0.5393880605697632,0.9980623126029968,3.568998098373413,1.6687545776367188,0.09980111569166183,0.02494046464562416,0.005226305685937405,0.07784765958786011,0.0005560976569540799,0.04935161769390106,0.8554255962371826,0.08047622442245483,130.31138794959585,0.24929259660529943,0.3490937122969613
0.01096285879611969,-806.9629516601562,-930.6227416992188,845.84814453125,-70.84442138671875,-171.13250732421875,-828.7435913085938,125.7222900390625,7.06195068359375,0.5380046367645264,0.988283634185791,3.575099229812622,1.6517515182495117,0.10198871046304703,0.017404895275831223,0.013558980077505112,0.0011871481547132134,0.07859990745782852,0.04306266829371452,0.6386545300483704,0.06958511471748352,130.31164229882813,0.24688873692978086,0.3488774473928279
