loss,V3,V6,V9,V10,V11,V12,V15,V18,pred_detector_active_contact_fraction,pred_detector_active_forward_fraction,pred_detector_contact_angle_theta_mean_deg,pred_detector_contact_angle_theta_sigma_deg,pred_derived_vz_sigma_residual,unc_detector_active_contact_fraction,unc_detector_active_forward_fraction,unc_detector_contact_angle_theta_mean_deg,unc_detector_contact_angle_theta_sigma_deg,unc_derived_vz_sigma_residual,pred_viability_prob,unc_viability_prob,derived_vz_mean,derived_vz_sigma_physics,derived_vz_sigma_corrected
0.018795644864439964,-937.019287109375,-892.9326782226562,482.1884765625,28.6326904296875,-50.9420166015625,-692.1256103515625,-187.090087890625,-160.91937255859375,0.850409984588623,1.0002378225326538,2.375279664993286,1.4278465509414673,0.0816497951745987,0.028073525056242943,0.004792565945535898,0.0437176339328289,0.0673011764883995,0.06824234873056412,0.970176637172699,0.01819436252117157,130.46725305427466,0.14653082263117648,0.22818061780577517
0.018903125077486038,-945.7919311523438,-884.5174560546875,485.2972412109375,26.28466796875,-54.1307373046875,-697.04052734375,-193.352783203125,-163.80633544921875,0.8503596782684326,1.0005511045455933,2.379439115524292,1.4288562536239624,0.09588027000427246,0.01958344504237175,0.004397601820528507,0.03672206401824951,0.07532227784395218,0.07048997282981873,0.9670931696891785,0.020475437864661217,130.46680251715293,0.146867569291569,0.24274783929584146
0.020031914114952087,-934.3807373046875,-892.7672729492188,496.7864990234375,17.29046630859375,-59.98638916015625,-708.8634643554688,-160.92169189453125,-131.84136962890625,0.8504617810249329,1.0011321306228638,2.4043185710906982,1.4105294942855835,0.06712684780359268,0.01691981591284275,0.005755789112299681,0.010879775509238243,0.04384481534361839,0.07237474620342255,0.9603204131126404,0.01884058490395546,130.46547016319658,0.1459896958697897,0.21311654367338237
0.020858552306890488,-930.4542236328125,-893.0087280273438,506.9722900390625,11.3328857421875,-64.279052734375,-716.9251708984375,-149.20233154296875,-122.62908935546875,0.8505979180335999,1.001590371131897,2.4178194999694824,1.4015522003173828,0.058673977851867676,0.013080812990665436,0.0064175627194345,0.0010061918292194605,0.03179886192083359,0.06912242621183395,0.9557438492774963,0.018081413581967354,130.46467737290482,0.1456214505122849,0.20429542836415257
