loss,V3,V6,V9,V10,V11,V12,V15,V18,pred_detector_active_contact_fraction,pred_detector_active_forward_fraction,pred_detector_contact_angle_theta_mean_deg,pred_detector_contact_angle_theta_sigma_deg,pred_derived_vz_sigma_residual,unc_detector_active_contact_fraction,unc_detector_active_forward_fraction,unc_detector_contact_angle_theta_mean_deg,unc_detector_contact_angle_theta_sigma_deg,unc_derived_vz_sigma_residual,pred_viability_prob,unc_viability_prob,derived_vz_mean,derived_vz_sigma_physics,derived_vz_sigma_corrected
0.011967053636908531,-991.9811401367188,-857.3177490234375,672.9710693359375,78.3271484375,-66.09991455078125,-664.8219604492188,-27.20770263671875,-81.523681640625,0.6495408415794373,0.9935032725334167,3.7330245971679688,2.556255578994751,0.5001664757728577,0.05719749256968498,0.016116809099912643,0.07637801021337509,0.030372582376003265,0.012107344344258308,0.7018499374389648,0.0961778536438942,130.21319838643143,0.42102784082861366,0.9211943166014713
0.012138886377215385,-949.8878784179688,-999.9810180664062,880.6505126953125,21.86431884765625,-127.35028076171875,-744.6926879882812,42.859619140625,-486.9036865234375,0.6487590074539185,0.9905022978782654,3.673243284225464,2.5791189670562744,0.5917599201202393,0.060653965920209885,0.012006338685750961,0.02528556063771248,0.0008284593350253999,0.04494643211364746,0.9148736596107483,0.04108401760458946,130.21966322096839,0.4200260447662637,1.0117859648865029
0.012171849608421326,-960.6669311523438,-999.9842529296875,895.959228515625,15.06695556640625,-129.73675537109375,-748.5233154296875,26.1917724609375,-504.5434875488281,0.6490646600723267,0.9904322624206543,3.675788164138794,2.5834567546844482,0.5961986184120178,0.05741380900144577,0.012052234262228012,0.02273896150290966,0.001140957116149366,0.04560945928096771,0.9083489775657654,0.039269305765628815,130.21884762186707,0.4211041207714727,1.0173027391834906
0.01221921481192112,-952.201171875,-999.9844360351562,884.6575927734375,19.2169189453125,-128.64556884765625,-747.1792602539062,38.1697998046875,-492.4533996582031,0.6488171815872192,0.9905218482017517,3.675814390182495,2.578434467315674,0.5910984873771667,0.06004463508725166,0.011925971135497093,0.027172725647687912,0.00021805604046676308,0.04538546875119209,0.9132769703865051,0.04067813605070114,130.21935796632846,0.42012819946491,1.0112266868420767
