loss,V3,V6,V9,V10,V11,V12,V15,V18,pred_detector_active_contact_fraction,pred_detector_active_forward_fraction,pred_detector_contact_angle_theta_mean_deg,pred_detector_contact_angle_theta_sigma_deg,pred_derived_vz_sigma_residual,unc_detector_active_contact_fraction,unc_detector_active_forward_fraction,unc_detector_contact_angle_theta_mean_deg,unc_detector_contact_angle_theta_sigma_deg,unc_derived_vz_sigma_residual,pred_viability_prob,unc_viability_prob,derived_vz_mean,derived_vz_sigma_physics,derived_vz_sigma_corrected
0.02033240720629692,-983.0716552734375,-999.9927978515625,707.6080322265625,-56.8616943359375,-92.23590087890625,-793.1353759765625,414.39892578125,-801.88720703125,0.9740083813667297,1.0126913785934448,5.352853298187256,3.0895402431488037,0.3064831495285034,0.030894067138433456,0.02241998352110386,0.24178354442119598,0.0005023326957598329,0.08563488721847534,0.9857283234596252,0.0051596141420304775,129.8614415464911,0.7083614708437052,1.0148446203722086
0.020522790029644966,-982.3832397460938,-999.992919921875,712.98779296875,-56.8697509765625,-91.5264892578125,-791.8834228515625,418.3670654296875,-799.76416015625,0.9733576774597168,1.0128942728042603,5.353322505950928,3.0813846588134766,0.2997235357761383,0.030408523976802826,0.022543523460626602,0.2406914234161377,0.000462373805930838,0.0874028280377388,0.9857175946235657,0.005013328976929188,129.86233733011744,0.7062852520775088,1.0060087878536472
0.020644662901759148,-980.1763305664062,-999.992431640625,703.4619140625,-59.43218994140625,-93.1097412109375,-798.104736328125,411.9376220703125,-796.1490478515625,0.9726865887641907,1.0131020545959473,5.358170986175537,3.077322006225586,0.2915847599506378,0.029940856620669365,0.02223595790565014,0.23954065144062042,0.00047726178308948874,0.08943536132574081,0.9849598407745361,0.005662156734615564,129.86180199682144,0.7057715564603106,0.9973563164109485
0.025048434734344482,-929.6471557617188,-669.2124633789062,884.2579345703125,-99.4930419921875,-99.9124755859375,-924.6358032226562,-129.09368896484375,-231.1297607421875,0.9664201736450195,1.0035136938095093,5.455810546875,2.926508903503418,0.14742110669612885,0.017209060490131378,0.00976297166198492,0.02928633615374565,0.04866427555680275,0.07014131546020508,0.9729458689689636,0.012890312820672989,129.85876471838063,0.6772872408262247,0.8247083475223536
