loss,V3,V6,V9,V10,V11,V12,V15,V18,pred_detector_active_contact_fraction,pred_detector_active_forward_fraction,pred_detector_contact_angle_theta_mean_deg,pred_detector_contact_angle_theta_sigma_deg,pred_derived_vz_sigma_residual,unc_detector_active_contact_fraction,unc_detector_active_forward_fraction,unc_detector_contact_angle_theta_mean_deg,unc_detector_contact_angle_theta_sigma_deg,unc_derived_vz_sigma_residual,pred_viability_prob,unc_viability_prob,derived_vz_mean,derived_vz_sigma_physics,derived_vz_sigma_corrected
0.012261813506484032,-786.4138793945312,-764.7892456054688,711.26513671875,22.16864013671875,-115.31427001953125,-702.837890625,-109.87213134765625,88.36962890625,0.5505450367927551,0.9756088256835938,4.400165557861328,1.949377417564392,0.11937996745109558,0.008153080008924007,0.006474591325968504,0.0006893335375934839,0.14396552741527557,0.047574155032634735,0.6858921051025391,0.07006440311670303,130.15964539910357,0.3570283122131045,0.4764082796642001
0.01314377598464489,-675.211181640625,-999.981689453125,945.508544921875,-35.94512939453125,-127.2236328125,-744.5702514648438,7.6048583984375,-241.472412109375,0.5504931211471558,0.999066174030304,4.380359172821045,1.9757013320922852,0.02762683667242527,0.011159908026456833,0.007044690661132336,0.1679576188325882,0.024671606719493866,0.006549709476530552,0.9171746373176575,0.010717113502323627,130.1610515186995,0.3608037583269998,0.38843059499942506
0.014081662520766258,-678.3846435546875,-999.9786987304688,914.9610595703125,-33.38232421875,-123.962646484375,-741.6484375,20.156494140625,-242.7686767578125,0.5506067872047424,0.9985184669494629,4.371105670928955,1.9869890213012695,0.02529437281191349,0.013600408099591732,0.006370590068399906,0.18720579147338867,0.029764553532004356,0.007289270870387554,0.9141146540641785,0.014545061625540257,130.16177333446103,0.36236005175871533,0.3876544245706288
0.014177314937114716,-687.63134765625,-999.9821166992188,922.2513427734375,-37.95819091796875,-123.53338623046875,-742.843505859375,27.1202392578125,-249.37884521484375,0.5505509376525879,0.9985398650169373,4.375607490539551,1.9803715944290161,0.01777794025838375,0.013165060430765152,0.006388890091329813,0.19329603016376495,0.030492376536130905,0.008232890628278255,0.9090878963470459,0.014380902983248234,130.16151166645818,0.3613791418295586,0.37915708208794235
