loss,V3,V6,V9,V10,V11,V12,V15,V18,pred_detector_active_contact_fraction,pred_detector_active_forward_fraction,pred_detector_contact_angle_theta_mean_deg,pred_detector_contact_angle_theta_sigma_deg,pred_derived_vz_sigma_residual,unc_detector_active_contact_fraction,unc_detector_active_forward_fraction,unc_detector_contact_angle_theta_mean_deg,unc_detector_contact_angle_theta_sigma_deg,unc_derived_vz_sigma_residual,pred_viability_prob,unc_viability_prob,derived_vz_mean,derived_vz_sigma_physics,derived_vz_sigma_corrected
0.022649448364973068,-823.3909301757812,-950.7725219726562,910.2933349609375,-6.68463134765625,-85.3870849609375,-720.812744140625,-80.6610107421875,9.66717529296875,0.8535029888153076,1.0031555891036987,2.6951682567596436,1.0657265186309814,-0.06150408461689949,0.004689928609877825,0.00807412900030613,0.1002059280872345,0.051979027688503265,0.023513561114668846,0.9608744978904724,0.007208339869976044,130.45294512675784,0.11859953116607441,0.05709544654917492
0.02266857400536537,-822.298583984375,-953.5838623046875,922.9375,-7.64111328125,-86.822509765625,-721.7166748046875,-77.256103515625,13.23590087890625,0.8536124229431152,1.003254771232605,2.69620680809021,1.0633811950683594,-0.06077420711517334,0.0067979334853589535,0.008030063472688198,0.10402581840753555,0.04906408116221428,0.024815566837787628,0.9603655934333801,0.0070755500346422195,130.45293300841638,0.11836205032010119,0.05758784320492785
0.022694379091262817,-822.0230712890625,-954.667724609375,927.941162109375,-7.3826904296875,-86.7818603515625,-720.8060302734375,-76.13848876953125,14.4969482421875,0.8536567687988281,1.0032709836959839,2.697402238845825,1.0624862909317017,-0.060590654611587524,0.007846022956073284,0.008087361231446266,0.10459321737289429,0.04806941747665405,0.025790801271796227,0.9603314399719238,0.006939948536455631,130.45284260387822,0.11830392125070292,0.0577132666391154
0.022714288905262947,-821.8477783203125,-955.36376953125,930.6416015625,-7.075439453125,-86.6148681640625,-720.0132446289062,-75.48583984375,15.28131103515625,0.8536831736564636,1.0032774209976196,2.69821834564209,1.061963438987732,-0.06054748222231865,0.008442153222858906,0.008127191103994846,0.10488461703062057,0.04761972278356552,0.026392513886094093,0.9603684544563293,0.006849661935120821,130.4527771175716,0.11827471611385437,0.05772723389153572
