loss,V3,V6,V9,V10,V11,V12,V15,V18,pred_detector_active_contact_fraction,pred_detector_active_forward_fraction,pred_detector_contact_angle_theta_mean_deg,pred_detector_contact_angle_theta_sigma_deg,pred_derived_vz_sigma_residual,unc_detector_active_contact_fraction,unc_detector_active_forward_fraction,unc_detector_contact_angle_theta_mean_deg,unc_detector_contact_angle_theta_sigma_deg,unc_derived_vz_sigma_residual,pred_viability_prob,unc_viability_prob,derived_vz_mean,derived_vz_sigma_physics,derived_vz_sigma_corrected
0.012153416872024536,-951.5505981445312,-999.9797973632812,900.7064208984375,19.90423583984375,-113.4412841796875,-779.5000610351562,-15.68896484375,-73.81988525390625,0.8494938015937805,0.9992145895957947,2.6543922424316406,2.3675191402435303,0.6131734251976013,0.030421961098909378,0.005721555091440678,0.09097245335578918,0.0007026178645901382,0.03102870099246502,0.8714720606803894,0.08203515410423279,130.36850721802315,0.2952063360312136,0.9083797612288149
0.012277800589799881,-951.8432006835938,-999.9808959960938,894.4227294921875,22.1961669921875,-109.87042236328125,-772.6106567382812,-9.34124755859375,-85.17108154296875,0.8494542241096497,0.9997673034667969,2.657329559326172,2.3645212650299072,0.6112540364265442,0.02954825572669506,0.005808002781122923,0.08936221152544022,0.007518547121435404,0.031659554690122604,0.8735542893409729,0.08049999177455902,130.36847887663717,0.29496034796771675,0.9062143843942609
0.012308740057051182,-951.7772216796875,-999.981201171875,890.869873046875,23.5233154296875,-108.614013671875,-770.6264038085938,-11.0677490234375,-85.82647705078125,0.8495758175849915,0.9998965859413147,2.664881706237793,2.3638813495635986,0.6096813678741455,0.029517780989408493,0.005909680388867855,0.09011855721473694,0.006421260070055723,0.03232014551758766,0.8751948475837708,0.07946856319904327,130.36774028025903,0.2954580135994531,0.9051393814735986
0.012373128905892372,-951.4872436523438,-999.9828491210938,918.0556640625,20.0606689453125,-111.22943115234375,-776.0352783203125,-1.30694580078125,-108.60992431640625,0.8495020270347595,0.9999960064888,2.6561379432678223,2.367255687713623,0.6268649101257324,0.02779090777039528,0.004242647439241409,0.09754672646522522,5.5510070524178445e-05,0.032566215842962265,0.872474730014801,0.08425109088420868,130.36834777531712,0.2953029435038657,0.9221678536295981
