loss,V3,V6,V9,V10,V11,V12,V15,V18,pred_detector_active_contact_fraction,pred_detector_active_forward_fraction,pred_detector_contact_angle_theta_mean_deg,pred_detector_contact_angle_theta_sigma_deg,pred_derived_vz_sigma_residual,unc_detector_active_contact_fraction,unc_detector_active_forward_fraction,unc_detector_contact_angle_theta_mean_deg,unc_detector_contact_angle_theta_sigma_deg,unc_derived_vz_sigma_residual,pred_viability_prob,unc_viability_prob,derived_vz_mean,derived_vz_sigma_physics,derived_vz_sigma_corrected
0.019654501229524612,-898.94580078125,-749.6507568359375,983.4091796875,-0.21478271484375,4.2662353515625,-707.6238403320312,-472.9398193359375,-461.031982421875,0.9882104396820068,0.9949877858161926,5.473970413208008,2.459662437438965,0.06998463720083237,0.01688629575073719,0.017466166988015175,0.009960068389773369,0.19112429022789001,0.08939946442842484,0.8876206278800964,0.10289877653121948,129.904568759304,0.5605890109917739,0.6305736481926063
0.019762244075536728,-872.166259765625,-773.6387939453125,980.651611328125,11.68536376953125,18.35491943359375,-680.5215454101562,-476.75640869140625,-452.39654541015625,0.9875348210334778,0.9950316548347473,5.478544235229492,2.4712789058685303,0.07180539518594742,0.016653932631015778,0.017171820625662804,0.0032152910716831684,0.19950780272483826,0.08942433446645737,0.8889827132225037,0.1105215772986412,129.90244126943188,0.5639005594379043,0.6357059546238517
0.019934900104999542,-875.551025390625,-772.9061279296875,973.0791015625,12.0533447265625,18.61419677734375,-683.2874755859375,-484.86297607421875,-472.86004638671875,0.9863262176513672,0.9949219822883606,5.485575199127197,2.485527276992798,0.08214116841554642,0.015983305871486664,0.017121853306889534,0.0021312569733709097,0.19262012839317322,0.08870187401771545,0.8884069323539734,0.11099376529455185,129.89951405450117,0.5681048144322488,0.6502459828477952
0.020096950232982635,-872.47021484375,-774.1630249023438,970.921875,12.03582763671875,18.1982421875,-682.9968872070312,-486.14874267578125,-473.62982177734375,0.9861469864845276,0.9950429797172546,5.480962753295898,2.4853780269622803,0.08171159774065018,0.016183141618967056,0.016935428604483604,0.005441676359623671,0.18972903490066528,0.0878521278500557,0.8905088305473328,0.10994807630777359,129.90053257075257,0.5676359204029892,0.6493475181436393
