loss,V3,V6,V9,V10,V11,V12,V15,V18,pred_detector_active_contact_fraction,pred_detector_active_forward_fraction,pred_detector_contact_angle_theta_mean_deg,pred_detector_contact_angle_theta_sigma_deg,pred_derived_vz_sigma_residual,unc_detector_active_contact_fraction,unc_detector_active_forward_fraction,unc_detector_contact_angle_theta_mean_deg,unc_detector_contact_angle_theta_sigma_deg,unc_derived_vz_sigma_residual,pred_viability_prob,unc_viability_prob,derived_vz_mean,derived_vz_sigma_physics,derived_vz_sigma_corrected
0.024401387199759483,-754.4795532226562,-813.1063232421875,885.7493896484375,3.265869140625,-102.3927001953125,-729.8746948242188,-46.4495849609375,165.3275146484375,0.8151249885559082,1.01022207736969,4.546926975250244,1.6826168298721313,-0.05928206816315651,0.06157955899834633,0.005372260231524706,0.05507585033774376,0.009908385574817657,0.016949744895100594,0.7289688587188721,0.13216404616832733,130.15276866648443,0.31415742646385025,0.25487535830069374
0.025349242612719536,-752.126953125,-811.3473510742188,900.969482421875,-12.8968505859375,-117.7203369140625,-761.6411743164062,-23.7099609375,167.6146240234375,0.8151245713233948,1.0096365213394165,4.543258190155029,1.678787350654602,-0.04681965708732605,0.05860985442996025,0.0040047671645879745,0.07322139292955399,0.024893490597605705,0.020898351445794106,0.7314486503601074,0.13505887985229492,130.15368634435964,0.31316136632772085,0.2663417092403948
0.04272627457976341,-831.6918334960938,-999.982421875,970.903564453125,63.6229248046875,-12.71954345703125,-738.924560546875,1.6688232421875,-328.18084716796875,0.8174231648445129,1.0042341947555542,4.531952857971191,1.771567702293396,0.08103056252002716,0.06847184151411057,0.013296245597302914,0.10484611988067627,0.02087312750518322,0.044039562344551086,0.9486058354377747,0.047849174588918686,130.14937852568957,0.3308798979885141,0.41191046050854124
0.04379626736044884,-825.691650390625,-999.976806640625,959.6427001953125,61.0977783203125,-12.8621826171875,-744.822265625,-5.3487548828125,-328.30828857421875,0.8171865344047546,1.0033965110778809,4.522450923919678,1.776732325553894,0.07538443803787231,0.06679268181324005,0.013048071414232254,0.0971871092915535,0.0196712464094162,0.04484876990318298,0.951082170009613,0.04606681317090988,130.15072427274276,0.3312673451725184,0.4066517832103907
