loss,V3,V6,V9,V10,V11,V12,V15,V18,pred_detector_active_contact_fraction,pred_detector_active_forward_fraction,pred_detector_contact_angle_theta_mean_deg,pred_detector_contact_angle_theta_sigma_deg,pred_derived_vz_sigma_residual,unc_detector_active_contact_fraction,unc_detector_active_forward_fraction,unc_detector_contact_angle_theta_mean_deg,unc_detector_contact_angle_theta_sigma_deg,unc_derived_vz_sigma_residual,pred_viability_prob,unc_viability_prob,derived_vz_mean,derived_vz_sigma_physics,derived_vz_sigma_corrected
0.03217964619398117,-907.3027954101562,-839.2182006835938,588.6990966796875,-17.66229248046875,-85.39312744140625,-703.6917724609375,39.1749267578125,-377.13812255859375,0.5944495797157288,0.9591894149780273,3.333395004272461,1.602319359779358,0.0668022558093071,0.009732626378536224,0.012889108620584011,0.001943459385074675,0.011562179774045944,0.05390164628624916,0.7411417365074158,0.1314317137002945,130.34802199935984,0.2242205052960369,0.291022761105344
0.032482437789440155,-769.5075073242188,-964.9069213867188,982.800537109375,8.513427734375,-114.04425048828125,-758.1112060546875,2.06884765625,-453.0916748046875,0.5942391753196716,0.9737534523010254,3.3807780742645264,1.513832926750183,0.091718889772892,0.045431725680828094,0.007474923972040415,0.23753705620765686,0.20242026448249817,0.04507894814014435,0.9363386034965515,0.09987052530050278,130.34717297246274,0.21338090866459639,0.30509979843748836
0.032599933445453644,-773.7900390625,-965.7239379882812,971.3753662109375,8.91815185546875,-107.14801025390625,-752.6756591796875,63.039306640625,-429.52996826171875,0.5941448211669922,0.9722793698310852,3.372422933578491,1.5242184400558472,0.09806559234857559,0.059890758246183395,0.004707978572696447,0.20666174590587616,0.18637755513191223,0.039393290877342224,0.9345118999481201,0.1024029552936554,130.34766806049606,0.21449659525802967,0.31256218760660526
0.032709043473005295,-777.0439453125,-961.1806030273438,963.335693359375,9.21832275390625,-106.60504150390625,-750.525390625,68.4140625,-429.622314453125,0.5941395163536072,0.9719638824462891,3.3724067211151123,1.5240885019302368,0.09734504669904709,0.05897456407546997,0.004578167572617531,0.20886385440826416,0.18920299410820007,0.040522199124097824,0.9340286254882812,0.1027887761592865,130.34767809758202,0.21447569743861736,0.3118207441376645
