loss,V3,V6,V9,V10,V11,V12,V15,V18,pred_detector_active_contact_fraction,pred_detector_active_forward_fraction,pred_detector_contact_angle_theta_mean_deg,pred_detector_contact_angle_theta_sigma_deg,pred_derived_vz_sigma_residual,unc_detector_active_contact_fraction,unc_detector_active_forward_fraction,unc_detector_contact_angle_theta_mean_deg,unc_detector_contact_angle_theta_sigma_deg,unc_derived_vz_sigma_residual,pred_viability_prob,unc_viability_prob,derived_vz_mean,derived_vz_sigma_physics,derived_vz_sigma_corrected
0.018753154203295708,-986.0439453125,-999.9869384765625,979.7701416015625,-59.85791015625,-15.63897705078125,-721.5662841796875,-315.75518798828125,-905.5987548828125,0.9871312975883484,0.9968587756156921,6.214829921722412,2.433903455734253,0.24155378341674805,0.036703869700431824,0.004495931789278984,0.022426748648285866,0.15460684895515442,0.04525262489914894,0.9953264594078064,0.005775880068540573,129.73523560440336,0.6225535692875029,0.864107352704251
0.018863562494516373,-983.0213623046875,-999.9890747070312,949.792724609375,-64.082275390625,-19.7093505859375,-733.752197265625,-316.58172607421875,-918.0076904296875,0.9894228577613831,0.996005117893219,6.233204364776611,2.462261199951172,0.21424329280853271,0.039301544427871704,0.004642913583666086,0.0003305754216853529,0.16269032657146454,0.051570288836956024,0.9956757426261902,0.0052619134075939655,129.72795483707856,0.6320360551772038,0.8462793479857366
0.019191637635231018,-984.713134765625,-999.9887084960938,940.3447265625,-63.87396240234375,-19.8385009765625,-735.02490234375,-320.32208251953125,-917.4278564453125,0.9910032153129578,0.9953858256340027,6.223588943481445,2.4665415287017822,0.21598000824451447,0.03884562477469444,0.004267629235982895,0.0002499773108866066,0.16059790551662445,0.0562860369682312,0.9958899021148682,0.004986278247088194,129.72991401491862,0.63230993701465,0.8482899452591645
0.01933859847486019,-985.5597534179688,-999.9887084960938,937.4813232421875,-63.9580078125,-19.962646484375,-735.3936767578125,-320.2447509765625,-916.6827392578125,0.9901517033576965,0.995127260684967,6.229368686676025,2.471607208251953,0.21824733912944794,0.03840186074376106,0.004181350115686655,0.00045682492782361805,0.16104258596897125,0.057737380266189575,0.9959155917167664,0.004942016676068306,129.72799197963997,0.6342434545948735,0.8524907937243215
