loss,V3,V6,V9,V10,V11,V12,V15,V18,pred_detector_active_contact_fraction,pred_detector_active_forward_fraction,pred_detector_contact_angle_theta_mean_deg,pred_detector_contact_angle_theta_sigma_deg,pred_derived_vz_sigma_residual,unc_detector_active_contact_fraction,unc_detector_active_forward_fraction,unc_detector_contact_angle_theta_mean_deg,unc_detector_contact_angle_theta_sigma_deg,unc_derived_vz_sigma_residual,pred_viability_prob,unc_viability_prob,derived_vz_mean,derived_vz_sigma_physics,derived_vz_sigma_corrected
0.009378093294799328,-980.4523315429688,-945.563232421875,766.7869873046875,-13.6612548828125,-97.5933837890625,-779.973876953125,-117.89837646484375,-79.33355712890625,0.800404965877533,0.9865416884422302,2.2520296573638916,1.0994361639022827,0.06822279840707779,0.008616579696536064,0.002338733524084091,0.013940209522843361,0.0010471462737768888,0.02742278017103672,0.8748504519462585,0.0731954500079155,130.49508800723,0.10416952976395129,0.17239232817102906
0.009722449816763401,-960.9251708984375,-999.9801025390625,875.0394287109375,3.13427734375,-100.95245361328125,-759.6490478515625,-80.79718017578125,-247.80096435546875,0.8003616333007812,0.9889788627624512,2.2073442935943604,1.1176997423171997,0.1413133144378662,0.020590784028172493,0.011298690922558308,0.0007691442733630538,0.005275202449411154,0.028830723837018013,0.8752638697624207,0.08661558479070663,130.49824580290218,0.10421680771431373,0.24553012215217995
0.009804549627006054,-959.8455810546875,-999.9802856445312,885.013671875,4.19439697265625,-101.92633056640625,-759.8956298828125,-71.43975830078125,-250.61688232421875,0.8003756403923035,0.9888115525245667,2.204317331314087,1.1196902990341187,0.1454351395368576,0.020662978291511536,0.011209378018975258,0.0006531280232593417,0.00755931856110692,0.027341796085238457,0.8736199736595154,0.08828716725111008,130.49842283640388,0.10429667491356508,0.2497318144504227
0.009864498861134052,-949.5180053710938,-954.4830932617188,882.12744140625,-20.6287841796875,-122.710205078125,-802.2574462890625,-59.58465576171875,-180.37786865234375,0.8001933693885803,0.9852285385131836,2.2341511249542236,1.1010370254516602,0.10319765657186508,0.026036826893687248,0.006259392946958542,0.0007470932323485613,0.0013223278801888227,0.024805404245853424,0.8832492828369141,0.08284859359264374,130.49661296043095,0.1035981796391297,0.2067958362109948
