loss,V3,V6,V9,V10,V11,V12,V15,V18,pred_detector_active_contact_fraction,pred_detector_active_forward_fraction,pred_detector_contact_angle_theta_mean_deg,pred_detector_contact_angle_theta_sigma_deg,pred_derived_vz_sigma_residual,unc_detector_active_contact_fraction,unc_detector_active_forward_fraction,unc_detector_contact_angle_theta_mean_deg,unc_detector_contact_angle_theta_sigma_deg,unc_derived_vz_sigma_residual,pred_viability_prob,unc_viability_prob,derived_vz_mean,derived_vz_sigma_physics,derived_vz_sigma_corrected
0.322237104177475,-894.5756225585938,-729.78173828125,993.6343994140625,40.908447265625,-43.82080078125,-661.96337890625,130.96240234375,-660.874755859375,0.6072180271148682,0.9574484825134277,4.606701374053955,1.9299896955490112,0.046129260212183,0.09694723039865494,0.02764260210096836,0.3708767592906952,0.41907793283462524,0.09996277093887329,0.9031937718391418,0.16316291689872742,130.12418685332,0.36828693406998275,0.41441619428216575
0.32238638401031494,-903.4532470703125,-732.7539672851562,989.3095703125,41.879638671875,-44.17706298828125,-660.6994018554688,136.569091796875,-690.7557373046875,0.6072608828544617,0.9575133323669434,4.6083807945251465,1.9308223724365234,0.04934832826256752,0.1020493432879448,0.026288798078894615,0.37323638796806335,0.4145528972148895,0.09959964454174042,0.9005243182182312,0.16832590103149414,130.12381575698885,0.3685816123957688,0.41792994065833633
0.32344621419906616,-891.95458984375,-733.910888671875,986.2725830078125,41.4136962890625,-45.36590576171875,-662.3753051757812,125.8958740234375,-673.495849609375,0.6069655418395996,0.9584721922874451,4.607038974761963,1.93430757522583,0.04811592400074005,0.0970090851187706,0.026907578110694885,0.367260217666626,0.41102081537246704,0.09843331575393677,0.9044734835624695,0.16131696105003357,130.12379438016694,0.36920118190676493,0.417317105907505
0.3236726224422455,-889.566162109375,-733.392822265625,985.868896484375,41.206298828125,-45.59967041015625,-662.955078125,123.15673828125,-666.4903564453125,0.607002854347229,0.9586219191551208,4.606081008911133,1.9346433877944946,0.04772527515888214,0.09540052711963654,0.027194397523999214,0.366115540266037,0.4106263518333435,0.09828000515699387,0.9054224491119385,0.15955345332622528,130.12394392795565,0.3691999835730903,0.41692525873197245
