loss,V3,V6,V9,V10,V11,V12,V15,V18,pred_detector_active_contact_fraction,pred_detector_active_forward_fraction,pred_detector_contact_angle_theta_mean_deg,pred_detector_contact_angle_theta_sigma_deg,pred_derived_vz_sigma_residual,unc_detector_active_contact_fraction,unc_detector_active_forward_fraction,unc_detector_contact_angle_theta_mean_deg,unc_detector_contact_angle_theta_sigma_deg,unc_derived_vz_sigma_residual,pred_viability_prob,unc_viability_prob,derived_vz_mean,derived_vz_sigma_physics,derived_vz_sigma_corrected
0.007346991449594498,-897.5696411132812,-983.8548583984375,874.2291259765625,-1.49169921875,-99.47235107421875,-759.474853515625,-156.34808349609375,-158.0235595703125,0.9013673663139343,1.0006604194641113,2.7337493896484375,1.7961974143981934,0.2889576852321625,0.005642702803015709,0.0017119388794526458,0.00012779836833942682,0.0010355522390455008,0.013673493638634682,0.9836583137512207,0.009884212166070938,130.4072509214297,0.2152193308188902,0.5041770160510527
0.007589344866573811,-905.582275390625,-987.1212768554688,861.7666015625,-0.7633056640625,-89.20904541015625,-750.6180419921875,-178.72802734375,-156.44989013671875,0.9028485417366028,1.0011886358261108,2.7250709533691406,1.7857557535171509,0.27058807015419006,0.009664203971624374,0.0007553580217063427,0.0017149979248642921,0.0011466629803180695,0.013316663913428783,0.9868040680885315,0.008543958887457848,130.4089354705696,0.21319087281345056,0.4837789429676406
0.008504962548613548,-900.0010375976562,-999.8770141601562,890.5914306640625,-1.7857666015625,-87.60211181640625,-749.7689208984375,-181.01129150390625,-182.7584228515625,0.9035057425498962,1.0012544393539429,2.771672010421753,1.7948986291885376,0.2652720510959625,0.013920639641582966,0.0003610225976444781,0.004982339218258858,0.0009443053277209401,0.005514808464795351,0.9880139827728271,0.00821993313729763,130.40319360726585,0.2174908741963836,0.4827629252923461
0.00862856674939394,-896.1286010742188,-999.89111328125,897.0435791015625,-1.9229736328125,-91.291748046875,-752.7003173828125,-173.0673828125,-182.18499755859375,0.9038057923316956,1.0011385679244995,2.776545524597168,1.795339584350586,0.2695506811141968,0.010093498975038528,0.0005240323953330517,0.00748211657628417,0.00021850343910045922,0.005529493559151888,0.9871253967285156,0.008700002916157246,130.40262470244522,0.2178694338298965,0.4874201149440933
