loss,V3,V6,V9,V10,V11,V12,V15,V18,pred_detector_active_contact_fraction,pred_detector_active_forward_fraction,pred_detector_contact_angle_theta_mean_deg,pred_detector_contact_angle_theta_sigma_deg,pred_derived_vz_sigma_residual,unc_detector_active_contact_fraction,unc_detector_active_forward_fraction,unc_detector_contact_angle_theta_mean_deg,unc_detector_contact_angle_theta_sigma_deg,unc_derived_vz_sigma_residual,pred_viability_prob,unc_viability_prob,derived_vz_mean,derived_vz_sigma_physics,derived_vz_sigma_corrected
0.0665937215089798,-991.41064453125,-987.1658325195312,811.688720703125,-28.01025390625,0.951171875,-924.421630859375,-385.33160400390625,-986.7271728515625,0.8938660621643066,1.0065343379974365,6.234033584594727,1.893295168876648,0.22340244054794312,0.10943112522363663,0.0036247947718948126,0.42485928535461426,0.18071462213993073,0.18980930745601654,0.9584576487541199,0.06312153488397598,129.77672421023038,0.47904068472145406,0.7024431252693972
0.13615362346172333,-949.7276611328125,-827.172119140625,710.618408203125,114.46826171875,99.364990234375,-574.108154296875,-627.6893310546875,-802.1910400390625,0.8746156692504883,0.9956846833229065,5.895594120025635,2.100587844848633,0.07820156961679459,0.10233597457408905,0.0282746534794569,0.3778574466705322,0.09412169456481934,0.08184511214494705,0.9996638298034668,0.000514350482262671,129.8418235659563,0.5068114718343988,0.5850130414511934
0.18288551270961761,-999.68701171875,-713.086669921875,402.657470703125,141.340576171875,91.4154052734375,-528.5184326171875,-233.73565673828125,-623.5862426757812,0.8724287152290344,0.9826595187187195,5.8542399406433105,2.2071187496185303,0.14353246986865997,0.09995272010564804,0.013027634471654892,0.4402550756931305,0.07559811323881149,0.1759369969367981,0.9973563551902771,0.003793662879616022,129.8423913565841,0.5306291293220018,0.6741615991906618
0.18650642037391663,-996.270751953125,-701.4962158203125,391.7431640625,138.657470703125,91.9822998046875,-529.8633422851562,-222.13751220703125,-620.1123046875,0.8722570538520813,0.9808784127235413,5.84772253036499,2.2130491733551025,0.1275758296251297,0.10226701945066452,0.0125955231487751,0.41741177439689636,0.09358034282922745,0.1811181604862213,0.9966132640838623,0.004911855328828096,129.84338648011274,0.5315963189592936,0.6591721485844233
