loss,V3,V6,V9,V10,V11,V12,V15,V18,pred_detector_active_contact_fraction,pred_detector_active_forward_fraction,pred_detector_contact_angle_theta_mean_deg,pred_detector_contact_angle_theta_sigma_deg,pred_derived_vz_sigma_residual,unc_detector_active_contact_fraction,unc_detector_active_forward_fraction,unc_detector_contact_angle_theta_mean_deg,unc_detector_contact_angle_theta_sigma_deg,unc_derived_vz_sigma_residual,pred_viability_prob,unc_viability_prob,derived_vz_mean,derived_vz_sigma_physics,derived_vz_sigma_corrected
0.029377013444900513,-773.502197265625,-895.4692993164062,976.0615234375,16.00518798828125,-71.770263671875,-678.5587158203125,-93.61334228515625,83.275634765625,0.863982617855072,1.0022610425949097,3.341090440750122,1.236739993095398,-0.09529652446508408,0.007603588979691267,0.01057831197977066,0.04481763765215874,0.043289441615343094,0.017802203074097633,0.9555397033691406,0.005042129196226597,130.3676082008777,0.16980143411527385,0.07450490965018977
0.029463108628988266,-774.276123046875,-896.1326904296875,971.5313720703125,18.479248046875,-69.7979736328125,-674.7388916015625,-95.66497802734375,83.9388427734375,0.8639762997627258,1.0022156238555908,3.34147572517395,1.2384999990463257,-0.09551653265953064,0.00822557881474495,0.010597298853099346,0.04309525340795517,0.04302448406815529,0.016435744240880013,0.9560641646385193,0.005228385794907808,130.36747051763763,0.17007678636983142,0.07456025371030078
0.03015698492527008,-774.8258056640625,-890.5659790039062,960.13330078125,11.41357421875,-75.46746826171875,-688.95703125,-87.91033935546875,75.401611328125,0.8639712333679199,1.0020614862442017,3.3353540897369385,1.2412844896316528,-0.09442335367202759,0.005576181225478649,0.010067238472402096,0.0438828282058239,0.0456865020096302,0.016771284863352776,0.9549729824066162,0.004868944641202688,130.36814591471622,0.17019179660666808,0.0757684429346405
0.030179504305124283,-772.8897705078125,-889.5109252929688,971.473388671875,6.636474609375,-78.98504638671875,-695.7131958007812,-86.44366455078125,72.96337890625,0.8639785647392273,1.0022226572036743,3.335268259048462,1.2385667562484741,-0.09385290741920471,0.004189628642052412,0.01004283782094717,0.04760919511318207,0.04743679240345955,0.02199910767376423,0.9543665051460266,0.004509130492806435,130.3682911185758,0.169791256075226,0.07593834865602128
