budget,n_train,all_mae_detector_active_contact_fraction,informative_mae_detector_active_contact_fraction,high_mae_detector_active_contact_fraction,all_mae_detector_contact_angle_theta_sigma_deg,informative_mae_detector_contact_angle_theta_sigma_deg,high_mae_detector_contact_angle_theta_sigma_deg,all_mae_vz_sigma_corrected,informative_mae_vz_sigma_corrected,high_mae_vz_sigma_corrected,active_error_unc_corr
80,80,0.21508289121781737,0.17973234850007133,0.21693086312505094,1.3062713746909766,0.9410005637391339,0.7548133787669924,0.7753242970737916,0.6347583349105466,0.28924308170301605,-0.12099715756643165
150,150,0.11258987927831574,0.10031716500027069,0.07110975143089596,1.1595871065370824,0.8219053703691576,0.6337415965449756,0.7131068719422137,0.5133470704949746,0.2485070665758721,0.27841803805453275
300,300,0.08422627068197908,0.0700156170518702,0.03283122842113962,0.8535064187096374,0.5937193556755458,0.33920743151726984,0.5488700240225909,0.39725331583673884,0.13671347103597037,0.32740163267432615
500,500,0.07219838834747627,0.06349093057255488,0.031287473128247166,0.8119037371105666,0.5658272595277154,0.30049640353545987,0.5410737539773716,0.4033988869115856,0.13036318961135074,0.48987494754974864
800,800,0.062298239070163124,0.050554962993070884,0.022160339372431337,0.7174124194374225,0.49232642956176054,0.24360087821919235,0.46748553937725495,0.3467638879285885,0.1081895852977242,0.46068407896472446
1000,1000,0.05260957498854526,0.04834690844857325,0.020984202279403744,0.6943625658788661,0.5000108209476033,0.2302871731518907,0.4668612910160458,0.3555302538526804,0.09196645786578238,0.37630506953038867
1200,1200,0.04229434621479613,0.039727378450183044,0.015563207456716906,0.5675322349347846,0.4339006556049041,0.18480093665524414,0.39304738861424476,0.31010633540487226,0.08612031487842407,0.3675048688206846
1500,1500,0.035497193013292246,0.03493710006111837,0.017404758117886873,0.5576081126452288,0.41609614265676775,0.16713899484746578,0.40080310628866944,0.3117576329438485,0.08205699408057958,0.3513279319149026
