rank,elapsed_seconds,V3,V6,V9,V10,V11,V12,V15,V18,pred_active,pred_forward,pred_theta_mean,pred_theta_sigma,sim_active,sim_forward,sim_theta_mean,sim_theta_sigma,sim_theta_p95,sim_n_active,sim_n_forward,sim_n_backward,sim_bpm_score
1,8.26600000000326,-778.8759155273438,-808.92529296875,798.8521728515625,-172.7186279296875,-129.6409912109375,-903.2909545898438,-546.5379638671875,66.3681640625,0.49981755018234253,0.9984785914421082,5.02532958984375,2.459561824798584,0.502,1.0,4.65815706,2.73612133,9.34700723,251,251,0,0.481
2,7.64100000000326,-911.7291870117188,-875.6261596679688,768.8236083984375,20.60174560546875,-254.9945068359375,-809.5302734375,31.009521484375,-121.1016845703125,0.50139319896698,1.0178024768829346,5.018187046051025,2.4864678382873535,0.63,1.0,2.91781262,1.33057124,5.50790538,315,315,0,0.63
3,7.5789999999979045,-762.994140625,-725.7867431640625,922.4056396484375,-196.79638671875,-168.74053955078125,-958.8291625976562,-412.29248046875,-73.4036865234375,0.4996006488800049,1.001121163368225,4.960896968841553,2.547140598297119,0.498,1.0,4.34353437,2.04394841,8.0213862,249,249,0,0.4938
4,8.218999999997322,-421.00958251953125,-704.494384765625,861.783447265625,123.164794921875,141.300537109375,-306.0750732421875,-412.71795654296875,-37.22015380859375,0.5008281469345093,0.9831965565681458,4.985261917114258,2.4777491092681885,0.42,1.0,3.68869644,2.15480088,7.33841289,210,210,0,0.4174
5,7.9060000000026776,-862.1775512695312,-859.7132568359375,721.94677734375,30.74853515625,-257.7657470703125,-793.8731079101562,51.8941650390625,-218.3408203125,0.4990043640136719,1.0145381689071655,5.030370235443115,2.4710545539855957,0.508,1.0,3.33415913,1.52478081,6.11377505,254,254,0,0.508
6,7.60899999999674,-756.7174682617188,-780.83447265625,926.549560546875,-200.93218994140625,-167.97796630859375,-956.6967163085938,-444.9669189453125,-83.08074951171875,0.5011281967163086,0.9994714856147766,4.9564690589904785,2.5482122898101807,0.514,1.0,4.40989177,2.09201076,7.90280322,257,257,0,0.5098
