rank,elapsed_seconds,V3,V6,V9,V10,V11,V12,V15,V18,pred_active,pred_forward,pred_theta_mean,pred_theta_sigma,sim_active,sim_forward,sim_theta_mean,sim_theta_sigma,sim_theta_p95,sim_n_active,sim_n_forward,sim_n_backward,sim_bpm_score
1,8.594000000011874,-943.1761474609375,-671.9995727539062,235.028564453125,97.4827880859375,130.4571533203125,-462.69964599609375,101.8065185546875,-196.29034423828125,0.6494913697242737,1.0094707012176514,4.508084297180176,1.9915781021118164,0.832,1.0,4.99272109,2.50798448,9.75419797,416,416,0,0.9146
2,7.953000000008615,-577.0906372070312,-772.0169677734375,527.4122314453125,96.046875,146.9635009765625,-382.14263916015625,-453.33880615234375,233.3726806640625,0.6501142382621765,0.983923614025116,4.525662422180176,2.0143883228302,0.42,1.0,8.17950087,6.25582292,22.6344487,210,210,0,0.4933
3,7.905999999988126,-577.6273193359375,-771.7173461914062,526.9844970703125,96.1258544921875,146.875244140625,-382.38568115234375,-453.25054931640625,235.3460693359375,0.6506060361862183,0.9838455319404602,4.511464595794678,2.008594036102295,0.424,1.0,7.6789813,6.10107154,23.6706153,212,212,0,0.4978
4,7.73499999998603,-728.05810546875,-725.5598754882812,955.070556640625,-146.56427001953125,-168.40496826171875,-934.650634765625,-230.95709228515625,5.889404296875,0.6498143076896667,1.0008981227874756,4.48710298538208,2.010647773742676,0.686,1.0,4.18713295,1.74293214,7.05665431,343,343,0,0.686
5,7.76500000001397,-878.914794921875,-979.640869140625,913.98681640625,-69.5877685546875,-56.21331787109375,-714.05224609375,-16.6217041015625,-242.60174560546875,0.6478215456008911,0.9991351366043091,4.448940753936768,2.035379409790039,0.614,1.0,4.30389938,2.01068271,7.44283936,307,307,0,0.6056
6,8.187999999994645,-540.7720336914062,-757.0661010742188,658.7078857421875,103.0433349609375,147.4755859375,-368.58209228515625,-482.34686279296875,146.60888671875,0.64887535572052,0.992558479309082,4.502813339233398,2.0139029026031494,0.56,1.0,7.12249265,3.67320554,13.5659079,280,280,0,0.538
