rank,elapsed_seconds,V3,V6,V9,V10,V11,V12,V15,V18,pred_active,pred_forward,pred_theta_mean,pred_theta_sigma,sim_active,sim_forward,sim_theta_mean,sim_theta_sigma,sim_theta_p95,sim_n_active,sim_n_forward,sim_n_backward,sim_bpm_score
1,9.937999999999874,-897.4801635742188,-950.9605712890625,776.1376953125,-65.94696044921875,-35.8551025390625,-683.55322265625,388.753173828125,-402.84600830078125,0.3983449935913086,0.9939296841621399,5.470799446105957,2.794698715209961,0.52,1.0,4.3453047,2.63431327,9.05196948,260,260,0,0.4857
2,8.047000000000025,-893.4030151367188,-950.8478393554688,791.89404296875,-67.93017578125,-38.0552978515625,-685.8626708984375,385.0418701171875,-409.07861328125,0.3985596299171448,0.9946235418319702,5.473753452301025,2.7929413318634033,0.578,1.0,4.43519752,2.67470167,9.39605232,289,289,0,0.5423
3,8.093999999999824,-655.349609375,-842.148681640625,403.433349609375,211.9566650390625,215.4056396484375,-339.67333984375,-910.8645629882812,-532.6605834960938,0.4043514132499695,0.9866805076599121,5.498782634735107,2.8507957458496094,0.728,1.0,6.57630561,5.06030367,17.683174,364,364,0,0.7124
