rank,elapsed_seconds,V3,V6,V9,V10,V11,V12,V15,V18,pred_active,pred_forward,pred_theta_mean,pred_theta_sigma,sim_active,sim_forward,sim_theta_mean,sim_theta_sigma,sim_theta_p95,sim_n_active,sim_n_forward,sim_n_backward,sim_bpm_score
1,7.938000000000102,-873.5304565429688,-932.2859497070312,914.2421875,-65.60443115234375,-47.85791015625,-678.0377197265625,430.747802734375,-253.74334716796875,0.4517148435115814,0.9969481229782104,5.046304702758789,2.4953739643096924,0.554,1.0,3.24361569,1.66973988,6.32774914,277,277,0,0.5505
2,8.202999999999975,-879.1448974609375,-931.8258666992188,899.3037109375,-66.40093994140625,-45.68267822265625,-679.3224487304688,432.9315185546875,-243.389892578125,0.4519575238227844,0.9967173337936401,5.0516862869262695,2.4935951232910156,0.526,1.0,3.28996811,1.65394042,6.36752147,263,263,0,0.5204
3,7.641000000000076,-790.7606201171875,-999.98046875,919.359619140625,-87.511474609375,-89.46624755859375,-735.5665283203125,-418.91864013671875,-313.42474365234375,0.45135849714279175,0.9924432635307312,5.0016093254089355,2.4825081825256348,0.474,1.0,4.58464974,1.86386696,7.69274047,237,237,0,0.4613
