rank,elapsed_seconds,V3,V6,V9,V10,V11,V12,V15,V18,pred_active,pred_forward,pred_theta_mean,pred_theta_sigma,sim_active,sim_forward,sim_theta_mean,sim_theta_sigma,sim_theta_p95,sim_n_active,sim_n_forward,sim_n_backward,sim_bpm_score
1,8.0,-868.8861083984375,-939.6798706054688,921.8538818359375,42.233154296875,-124.9461669921875,-866.0501098632812,-53.6461181640625,-253.7386474609375,0.49968281388282776,0.9995018839836121,5.012836456298828,2.5119831562042236,0.5,1.0,4.41011703,1.75558742,6.03530109,250,250,0,0.5006
2,7.813000000000102,-871.8935546875,-937.6591796875,926.6663818359375,38.0662841796875,-125.7608642578125,-874.6666870117188,-56.72064208984375,-219.671630859375,0.4998970627784729,0.9995746612548828,5.017664432525635,2.5084948539733887,0.5,1.0,4.96523466,2.79069158,7.40632347,250,250,0,0.4972
3,7.532000000000153,-858.9131469726562,-959.9833374023438,899.7578125,-73.1680908203125,-57.10723876953125,-701.8480224609375,219.4825439453125,-427.881103515625,0.4998819828033447,1.0013436079025269,4.987002849578857,2.495892286300659,0.578,1.0,4.77361757,2.72499052,9.74349186,289,289,0,0.5436
