rank,elapsed_seconds,V3,V6,V9,V10,V11,V12,V15,V18,pred_active,pred_forward,pred_theta_mean,pred_theta_sigma,sim_active,sim_forward,sim_theta_mean,sim_theta_sigma,sim_theta_p95,sim_n_active,sim_n_forward,sim_n_backward,sim_bpm_score
1,8.016000000000076,-777.8180541992188,-780.581787109375,645.92919921875,-24.84967041015625,-3.34710693359375,-640.3262939453125,253.7620849609375,-210.0269775390625,0.5546063184738159,1.002323865890503,4.996372222900391,2.49763822555542,0.586,1.0,3.47025386,1.282476,5.40309987,293,293,0,0.586
2,8.0,-858.6875610351562,-999.9828491210938,884.3880615234375,-86.1807861328125,-94.30426025390625,-756.1221923828125,-405.17498779296875,-263.71881103515625,0.5494529008865356,0.9960466623306274,4.985418796539307,2.509531259536743,0.53,1.0,4.82242108,1.67595954,7.64726703,265,265,0,0.5027
3,8.358999999999924,-742.2347412109375,-791.3570556640625,415.598388671875,183.1871337890625,160.671142578125,-419.7037353515625,-802.6405029296875,-517.5989990234375,0.5516360998153687,0.9923888444900513,5.047418117523193,2.5060038566589355,0.848,1.0,5.33259543,2.95198064,11.4337321,424,424,0,0.9045
