rank,elapsed_seconds,V3,V6,V9,V10,V11,V12,V15,V18,pred_active,pred_forward,pred_theta_mean,pred_theta_sigma,sim_active,sim_forward,sim_theta_mean,sim_theta_sigma,sim_theta_p95,sim_n_active,sim_n_forward,sim_n_backward,sim_bpm_score
1,8.125,-779.12841796875,-778.7720947265625,669.2061767578125,-18.61376953125,0.7718505859375,-632.7277221679688,249.186767578125,-205.38677978515625,0.6005340814590454,1.0028928518295288,4.990192890167236,2.5082125663757324,0.654,1.0,3.27735176,1.37931061,5.38123464,327,327,0,0.654
2,7.811999999999898,-674.9857177734375,-739.8469848632812,858.609619140625,-154.54779052734375,-139.9111328125,-928.92529296875,-247.52783203125,4.58740234375,0.6010056734085083,1.001028060913086,5.019801139831543,2.481654405593872,0.654,1.0,4.42313744,1.98286192,7.91226406,327,327,0,0.6477
3,8.891000000000076,-684.148681640625,-835.684326171875,498.2679443359375,141.781494140625,134.47265625,-459.4781494140625,-757.2720947265625,-532.4000244140625,0.6002122163772583,0.9952607154846191,4.999104976654053,2.507091999053955,0.854,1.0,5.87620552,3.39663981,12.3560248,427,427,0,0.8845
