rank,elapsed_seconds,V3,V6,V9,V10,V11,V12,V15,V18,pred_active,pred_forward,pred_theta_mean,pred_theta_sigma,sim_active,sim_forward,sim_theta_mean,sim_theta_sigma,sim_theta_p95,sim_n_active,sim_n_forward,sim_n_backward,sim_bpm_score
1,8.047000000000025,-710.7348022460938,-729.34033203125,864.6119384765625,-143.280029296875,-146.11474609375,-918.8068237304688,-221.02825927734375,-18.07489013671875,0.6507092714309692,1.000497579574585,4.49789571762085,2.012817144393921,0.664,1.0,3.82818809,1.63024599,6.4030678,332,332,0,0.6633
2,7.907000000000153,-801.9366455078125,-886.44482421875,752.882568359375,-12.64691162109375,28.7120361328125,-590.396484375,-233.0352783203125,-133.43267822265625,0.6505126953125,1.0015794038772583,4.49559211730957,1.98630690574646,0.638,1.0,4.2140714,1.65500384,6.82484724,319,319,0,0.6373
3,7.344000000000051,-834.468505859375,-587.5498657226562,963.57421875,173.47314453125,293.771240234375,-335.0535888671875,-352.5118408203125,-178.8248291015625,0.6489741206169128,1.0065851211547852,4.446503639221191,2.0400867462158203,0.08,1.0,9.0604682,2.02890376,12.763583,40,40,0,0.08
