rank,elapsed_seconds,V3,V6,V9,V10,V11,V12,V15,V18,pred_active,pred_forward,pred_theta_mean,pred_theta_sigma,sim_active,sim_forward,sim_theta_mean,sim_theta_sigma,sim_theta_p95,sim_n_active,sim_n_forward,sim_n_backward,sim_bpm_score
1,8.280999999999949,-731.6221313476562,-736.373291015625,855.5806884765625,-139.74322509765625,-145.96722412109375,-925.1641235351562,-187.0191650390625,-14.87481689453125,0.6995701193809509,1.0010476112365723,4.500995635986328,2.0023744106292725,0.694,1.0,3.80494146,1.64736887,6.52511247,347,347,0,0.6926
2,7.890999999999622,-823.7678833007812,-976.4700317382812,825.4674072265625,-83.421875,-47.88671875,-750.0379638671875,-285.9561767578125,102.24560546875,0.6992383003234863,1.001250147819519,4.473527431488037,2.040748119354248,0.692,1.0,5.10144011,2.40249193,9.14127357,346,346,0,0.6654
3,7.766000000000531,-821.9310302734375,-980.5692138671875,804.0975341796875,-79.8492431640625,-43.57244873046875,-744.033203125,-294.43817138671875,80.0113525390625,0.6990028619766235,1.0014158487319946,4.472716808319092,2.039750576019287,0.696,1.0,4.81425467,2.18799788,8.257835,348,348,0,0.6848
