rank,elapsed_seconds,V3,V6,V9,V10,V11,V12,V15,V18,pred_active,pred_forward,pred_theta_mean,pred_theta_sigma,sim_active,sim_forward,sim_theta_mean,sim_theta_sigma,sim_theta_p95,sim_n_active,sim_n_forward,sim_n_backward,sim_bpm_score
1,7.48399999999674,-766.17529296875,-784.1967163085938,871.0538330078125,-173.69873046875,-135.39990234375,-926.6973876953125,-279.1192626953125,107.5740966796875,0.5008457899093628,1.0037124156951904,5.039289951324463,2.4560019969940186,0.536,1.0,5.48145754,2.99690122,9.94352886,268,268,0,0.5498
2,7.421999999991385,-906.068603515625,-629.5240478515625,145.7587890625,89.007080078125,208.2017822265625,-463.15631103515625,165.9088134765625,-149.14056396484375,0.5004443526268005,1.0013707876205444,5.071793079376221,2.427523612976074,0.194,1.0,9.90680762,2.85958711,13.4117456,97,97,0,0.2183
3,7.4060000000026776,-986.3364868164062,-587.6279907226562,91.03955078125,83.764892578125,209.27001953125,-488.9779052734375,67.181884765625,-214.5838623046875,0.49794888496398926,0.9999722242355347,5.053844451904297,2.4678287506103516,0.166,1.0,9.38113089,2.67900566,13.7774113,83,83,0,0.2153
4,6.9060000000026776,-450.7178955078125,-864.7638549804688,795.949951171875,32.5655517578125,15.1827392578125,-516.7210693359375,-991.2953491210938,-441.90460205078125,0.5009452700614929,0.9960249662399292,5.0391316413879395,2.4623630046844482,0.272,1.0,6.55536144,4.4493166,13.2536611,136,136,0,0.2884
