rank,elapsed_seconds,V3,V6,V9,V10,V11,V12,V15,V18,pred_active,pred_forward,pred_theta_mean,pred_theta_sigma,sim_active,sim_forward,sim_theta_mean,sim_theta_sigma,sim_theta_p95,sim_n_active,sim_n_forward,sim_n_backward,sim_bpm_score
1,7.514999999999418,-780.989990234375,-999.9606323242188,873.333251953125,-77.131103515625,-57.223876953125,-727.1923217773438,-94.4276123046875,-151.048095703125,0.6499635577201843,1.0033055543899536,4.4890642166137695,2.024575710296631,0.57,1.0,4.16000017,1.9328829,7.32930738,285,285,0,0.5644
2,7.389999999999418,-780.033447265625,-999.971923828125,874.48974609375,-80.4876708984375,-61.01812744140625,-734.21435546875,-91.3895263671875,-142.19561767578125,0.6498740911483765,1.0032336711883545,4.487496376037598,2.025569438934326,0.542,1.0,4.26257726,1.86337784,7.20545685,271,271,0,0.5378
3,7.311999999990803,-779.9871826171875,-999.975830078125,874.315673828125,-80.93890380859375,-61.52001953125,-735.1900634765625,-91.0001220703125,-141.11724853515625,0.649854302406311,1.0032241344451904,4.487220287322998,2.025832414627075,0.576,1.0,4.12648518,1.84243269,6.96362471,288,288,0,0.5704
4,7.453000000008615,-773.9890747070312,-999.93603515625,892.855224609375,-87.87396240234375,-69.76422119140625,-748.537353515625,-89.64404296875,-111.46990966796875,0.650027334690094,1.0030200481414795,4.4863691329956055,2.0242786407470703,0.61,1.0,4.04575915,1.7974391,6.98053139,305,305,0,0.6072
