rank,elapsed_seconds,V3,V6,V9,V10,V11,V12,V15,V18,pred_active,pred_forward,pred_theta_mean,pred_theta_sigma,sim_active,sim_forward,sim_theta_mean,sim_theta_sigma,sim_theta_p95,sim_n_active,sim_n_forward,sim_n_backward,sim_bpm_score
1,8.860000000000582,-746.94189453125,-968.3546752929688,882.9881591796875,-22.0364990234375,-18.4927978515625,-660.3270263671875,-316.4427490234375,-96.17999267578125,0.7996548414230347,1.000428557395935,3.4960098266601562,1.6141325235366821,0.798,1.0,3.29169209,1.66299496,6.10502124,399,399,0,0.798
2,7.639999999999418,-737.48828125,-980.6716918945312,840.977294921875,-26.61322021484375,-38.38739013671875,-693.34130859375,-323.24224853515625,-148.133056640625,0.8006173968315125,0.9999914169311523,3.4843010902404785,1.6285597085952759,0.76,1.0,3.43204179,1.63567022,6.25940414,380,380,0,0.7572
3,7.436999999990803,-745.2650146484375,-993.8009033203125,907.615234375,-23.660888671875,-18.61822509765625,-660.7770385742188,-334.616943359375,-78.79168701171875,0.8003175854682922,1.0003716945648193,3.489028215408325,1.6337999105453491,0.76,1.0,3.4211481,1.82196876,6.41748463,380,380,0,0.7593
4,7.703000000008615,-734.123046875,-999.93798828125,883.8895263671875,-39.25836181640625,-55.21514892578125,-720.195068359375,-309.02679443359375,-118.82000732421875,0.8007837533950806,0.999413013458252,3.484492778778076,1.630135178565979,0.748,1.0,3.44004624,1.74253805,6.61508609,374,374,0,0.7396
